,X1,X2,X3,X4,X5,X6,X7,X8,X9,X10,Prediciton_Result
2000,86.56368405,76.13952523,66.24134047,70.11481117,16.66556196,9.999337178,0.004695122,0.039945763,0.004883848,80.7159,SELL
2001,85.95192244,71.00523805,71.31857997,72.18932126,7.141504431,4.999005767,0.014151557,0.048116316,0.010212338,81.0931,SELL
2002,81.49491693,63.64343827,75.97605017,75.14746486,0.0,0.0,0.032504484,0.056595894,0.015387143,81.4702,SELL
2003,72.38047303,54.85091894,71.50994803,64.36766723,0.0,0.0,0.034382376,0.041921348,0.00199146,80.3387,SELL
2004,58.77682542,46.21695945,59.44727896,58.38879004,35.0876785,26.6667845,0.012125448,0.009607784,-0.025775825,78.0756,FLAT
2005,51.60726016,40.03075681,67.01391971,62.58964675,13.33250848,13.33250848,0.027936184,0.015154494,-0.016593881,78.83,SELL
2006,34.338788,34.32889695,44.34802134,41.22818238,66.66607749,66.66607749,-0.00258023,-0.027481836,-0.053642303,75.8126,FLAT
2007,34.83372175,34.32402524,38.42384374,29.19706617,76.00042421,77.50049712,-0.00854408,-0.039600034,-0.0600132,75.2845,BUY
2008,40.1699429,34.0729807,62.91531918,40.90892657,9.089156162,37.49917147,0.023857257,-0.014824952,-0.02956782,77.6985,FLAT
2009,29.17114848,31.06999931,38.3597585,47.99983031,50.0,68.74958574,0.001994404,-0.042856792,-0.052229202,75.8126,FLAT
2010,28.1470325,32.0052542,31.05508967,47.99983031,63.83020731,77.92201085,-0.003984043,-0.053478406,-0.056722361,75.4354,BUY
2011,31.1362628,33.90557235,31.05508967,47.99983031,63.83020731,63.82969722,-0.005964314,-0.058380358,-0.056722361,75.4354,BUY
2012,35.59780057,35.26956063,25.39696279,28.20470985,84.41594215,69.14919122,-0.015826353,-0.069223829,-0.06166031,75.0582,BUY
2013,37.93587115,35.10789022,34.44114337,24.99954807,61.64378586,71.00622813,-0.007820613,-0.055374948,-0.042663885,76.5669,BUY
2014,30.94602621,33.71500409,29.41489262,25.0,68.49168301,74.71239848,-0.019417111,-0.064597686,-0.046944397,76.1898,BUY
2015,33.36449583,35.07882901,29.41489262,24.44440517,76.921665,74.71239848,-0.019417111,-0.069766817,-0.046074251,76.1898,BUY
2016,37.34266765,35.92320208,34.49327243,27.90701976,37.23363748,66.09197154,-0.003887248,-0.061140098,-0.03135851,77.3213,FLAT
2017,39.03435561,35.22406231,47.65807667,31.5788372,0.0,48.85111765,0.029267485,-0.038943741,-0.00220732,79.5843,FLAT
2018,33.06749916,33.34735069,44.8521892,31.57931458,50.29571875,51.72408539,0.019417626,-0.046537558,-0.005759834,79.2072,FLAT
2019,25.57678707,33.48518801,16.04170841,12.12179642,74.71239848,74.71239848,-0.033492325,-0.086385593,-0.042592875,76.1898,BUY
2020,25.71922174,37.38037057,11.41343647,21.62198958,77.58612808,77.58612808,-0.058106418,-0.096222642,-0.046006452,75.8126,BUY
2021,27.34722986,43.12392148,11.41343647,18.60495228,100.0,100.0,-0.078826245,-0.101072943,-0.044238137,75.8126,BUY
2022,40.81676099,50.89453079,24.24113565,42.85725107,92.30926111,92.30926111,-0.030520616,-0.039146119,0.02888397,81.4702,BUY
2023,57.13256292,55.85820846,52.63909165,51.72420098,50.00220936,37.50124275,0.001781053,-0.001110005,0.074931737,84.8648,FLAT
2024,54.48951197,55.23054133,47.13372999,46.66654884,57.1450214,50.001657,-0.001782641,-0.005328982,0.073976052,84.4876,FLAT
2025,56.70158028,55.59552594,51.96629337,48.27579902,33.33480624,37.50124275,1.67e-16,-0.000666381,0.082650972,84.8648,FLAT
2026,53.8462543,55.05075291,47.67438892,41.93556664,50.00220936,50.001657,-0.001782877,-0.002671874,0.081414703,84.4876,FLAT
2027,55.7414942,55.64401342,51.34457873,50.0,37.50124275,44.44411713,-0.000888389,0.005811117,0.089922815,84.8648,FLAT
2028,52.41329001,55.5960005,48.15134371,45.71409093,50.001657,55.55588287,-0.001783112,0.004709031,0.088957117,84.4876,FLAT
2029,56.33840502,57.16360418,57.15367642,48.48477545,12.50041425,22.22058564,0.011586687,0.022292501,0.107393729,85.6192,FLAT
2030,45.77790787,57.57004555,42.92745358,45.16151103,74.9991715,77.77646851,-0.009812556,0.004979692,0.08724855,83.7333,FLAT
2031,57.37931714,63.37811337,63.01283847,56.00025452,0.0,11.10881989,0.013333912,0.036364167,0.121065839,85.9964,SELL
2032,41.85854881,66.33274434,34.33827241,38.88913437,100.0,100.0,-0.018650053,0.008901894,0.091601541,83.3561,BUY
2033,62.47544598,78.38719886,46.76894756,50.0,71.43019468,55.55588287,-0.008849865,0.026815859,0.11084462,84.4876,FLAT
2034,79.17523915,86.22433087,57.96034585,59.9996465,42.85660177,33.33235138,-0.002647765,0.040515622,0.125328719,85.242,FLAT
2035,85.33569419,89.69627158,57.96034585,74.99972383,42.85660177,21.42830089,-0.004405321,0.046538502,0.13046411,85.242,FLAT
2036,94.5304032,91.84401865,75.24378894,89.65460496,0.0,0.0,0.009699833,0.065859475,0.150646959,86.3735,SELL
2037,91.83642268,90.52087402,63.69626297,75.86165914,60.0031815,13.63718531,-0.004425049,0.052385066,0.136501624,84.8648,FLAT
2038,94.8521589,89.87291722,78.30791032,83.87085739,12.50041425,4.545728437,0.004425049,0.066228515,0.152377921,85.6192,SELL
2039,94.55559595,87.42045489,86.21923855,87.50010357,0.0,0.0,0.011535754,0.075725959,0.163472182,85.9964,SELL
2040,91.87402381,83.90613168,81.80833636,86.20692808,9.091566439,4.166942843,0.002673724,0.067868746,0.153786804,84.8648,SELL
2041,90.01326734,79.9816475,81.80833636,73.52932002,5.263451663,4.166942843,0.012601075,0.072705296,0.159301951,84.8648,SELL
2042,87.14680369,75.04070042,81.80833636,77.49998343,5.000331411,4.166942843,0.030219437,0.076812306,0.164715375,84.8648,SELL
2043,82.86849975,69.07799283,80.75716895,73.17046358,10.00066282,8.333885685,0.039924947,0.07666365,0.164745332,84.4876,SELL
2044,78.53534631,62.2856536,79.82479021,74.99984936,4.760942846,4.346974063,0.052880025,0.076255189,0.164792618,84.1105,SELL
2045,70.20157772,54.28207362,69.01195305,63.15793146,0.0,0.0,0.02884612,0.036069022,0.123029373,80.7159,SELL
2046,55.52474287,46.44112383,49.92924477,47.05905288,50.0,45.45301164,2.57e-07,0.000486153,0.085011779,77.6985,FLAT
2047,56.00632344,41.96710252,66.24757826,54.83895797,11.10914715,9.089156162,0.016457153,0.021898243,0.110121545,79.2072,SELL
2048,38.81454474,35.05226236,54.29824505,46.42887578,55.55457357,57.14231607,0.003899132,0.005958184,0.09335702,77.6985,FLAT
2049,31.06572923,33.1991979,46.75807261,51.61298599,70.00026513,75.0,-0.004878088,-0.000881551,0.087285504,76.9441,FLAT
2050,32.29439863,34.25001083,46.75807261,47.05868592,63.63614452,75.0,-0.001957066,0.000588631,0.091298685,76.9441,FLAT
2051,35.88716213,35.21322282,63.526917,50.0,18.1807226,43.74958574,0.022504967,0.026119646,0.12298129,78.83,FLAT
2052,25.85750063,34.88128256,44.37638689,42.85727812,70.0010605,81.25041426,-0.00587695,-0.001868655,0.096336493,76.5669,BUY
2053,29.35841393,39.32583187,51.60176935,46.15415991,64.28557902,68.74958574,2.59e-07,0.00940505,0.11266845,77.3213,FLAT
2054,28.42653317,44.23515712,34.55316947,32.00029694,93.74958574,93.74958574,-0.022373103,-0.00838631,0.095541207,75.8126,BUY
2055,39.3490992,52.02149429,43.81302275,54.83848897,85.71509734,85.71509734,-0.00970856,0.00905187,0.116038625,76.9441,FLAT
2056,51.69415123,58.26312172,61.35081214,66.66637209,57.14339823,46.5116996,0.007751898,0.031183344,0.14241427,78.4528,FLAT
2057,56.0469741,61.4985848,57.9871484,68.15241987,64.28679645,45.45466718,0.001935713,0.029594261,0.141464123,78.0756,FLAT
2058,60.17099962,64.18370649,62.32660833,71.87466342,57.14339823,36.36341725,0.00677628,0.037406389,0.152087302,78.4528,FLAT
2059,60.45413502,66.16011435,46.23282698,58.06443336,91.66832372,54.45596535,-0.016473105,0.015456667,0.129487422,76.5669,FLAT
2060,68.06600374,68.97052208,58.15911974,60.0,66.66666667,39.60362252,-0.008661683,0.035280564,0.150737758,77.6985,FLAT
2061,71.84358086,69.41603111,73.28065845,60.0,32.8949434,24.7525922,0.010638434,0.057903758,0.171494418,78.83,FLAT
2062,70.16706908,68.22037228,68.9785959,64.49677222,39.32646191,34.65415409,0.011729886,0.05580725,0.163968465,78.0756,FLAT
2063,72.54170139,67.26155147,68.9785959,64.49677222,27.77794144,27.47283163,0.023131304,0.063464688,0.167647725,78.0756,SELL
2064,72.54885944,64.66088061,81.58985208,76.06385604,0.0,0.0,0.051472605,0.086327405,0.188737347,79.2072,SELL
2065,59.02814842,60.77575671,67.19721524,59.39390531,29.41100021,22.05825016,0.018650569,0.048133764,0.141756998,75.8126,FLAT
2066,53.33399775,61.636519,58.55689864,55.33304464,58.82459971,44.11844978,0.004464076,0.037148674,0.127560805,74.681,FLAT
2067,52.07923309,65.72582051,50.15489068,49.3054213,82.35339988,61.76504991,-0.012719488,0.028879078,0.115461556,73.7758,FLAT
2068,58.89805905,72.44727402,44.11157271,45.98533083,98.04013308,73.53009981,-0.022374717,0.024428068,0.107704041,73.1723,FLAT
2069,74.8701373,79.12076796,58.23124302,69.31819894,60.00053025,31.57931458,-0.00542534,0.049130482,0.131976977,74.681,FLAT
2070,84.22272496,81.21436216,66.78235334,77.99413902,29.41165003,15.87286557,0.012350789,0.065101674,0.145490172,75.4354,SELL
2071,86.82092638,79.73263123,81.06635774,81.35732712,0.0,0.0,0.032973381,0.088739951,0.164904924,76.5669,SELL
2072,80.32974086,76.24138138,71.7062093,78.16302393,24.4447063,12.09057917,0.011904616,0.066324029,0.133916614,74.3793,SELL
2073,76.59646566,74.22771178,71.7062093,74.65183214,29.16678174,12.09057917,0.013152306,0.073461355,0.135776531,74.3793,SELL
2074,71.02441311,73.06101212,55.02147208,69.65216989,63.9995051,41.45325075,-0.020777684,0.042769757,0.098027565,71.8145,FLAT
2075,77.17012815,74.06411312,79.19707264,69.12519076,24.52790075,22.45360565,0.008073191,0.072488562,0.124014955,73.4741,SELL
2076,76.98480301,72.53428482,79.19707264,70.87416529,22.45360565,22.45360565,0.026331971,0.079253267,0.125771732,73.4741,SELL
2077,76.70819831,70.34223855,85.77512823,74.76180964,17.27209241,17.27209241,0.050185272,0.094496921,0.135744619,73.9267,SELL
2078,73.74326688,67.20676582,86.73526009,74.77999496,3.969276902,3.969276902,0.071036972,0.105027163,0.140454375,74.0021,SELL
2079,62.76586307,63.98729516,71.86174442,63.05924569,2.579961728,2.579961728,0.024398909,0.047513771,0.074460106,69.5514,SELL
2080,45.69738872,64.58889603,41.85331539,60.3964313,87.09720432,66.66570986,-0.007526648,0.012894711,0.035643713,66.9908,FLAT
2081,62.73263043,73.89366829,50.38085114,66.66666667,83.33333333,45.45568415,-0.006835156,0.02298925,0.043750871,67.4988,FLAT
2082,70.03033996,79.39089589,49.19909069,66.32690361,92.85503395,44.06613423,-0.011280786,0.024256447,0.043312803,67.4263,FLAT
2083,78.5523424,84.00131896,58.05778255,63.72514588,51.42699681,29.50782644,-0.005096316,0.034730397,0.052809012,68.0069,FLAT
2084,83.01474295,86.68514324,52.9770871,67.82560773,68.57064126,31.57904278,-0.012306375,0.030551002,0.046792369,67.5714,FLAT
2085,94.02751499,88.49295233,86.50897285,82.10468304,0.0,0.0,0.013370118,0.060109524,0.075006114,69.3133,SELL
2086,91.08584327,85.76697371,83.34684549,85.21691207,16.36354527,10.58808273,0.015239512,0.05362791,0.066696503,68.6601,SELL
2087,92.52787318,83.14723199,80.96747093,85.08719982,2.222834573,1.123908601,0.019522647,0.052277483,0.061027327,68.2246,SELL
2088,89.54148836,78.52691618,82.54026037,84.3481178,0.0,0.0,0.030216913,0.058432848,0.063156415,68.2972,SELL
2089,84.39028114,73.10182838,78.94141596,66.66666667,0.0,0.0,0.025357932,0.052928785,0.052670595,67.4988,SELL
2090,76.70191215,67.54184419,63.70952227,60.18498437,25.80888889,13.56078651,0.003336762,0.026165684,0.022772011,65.4666,SELL
2091,71.90592791,63.03016892,59.52740407,54.05402051,32.50206669,22.03540236,-0.000446166,0.026197927,0.018314888,65.1037,FLAT
2092,68.92180699,58.65852644,59.52740407,48.78013263,22.41489892,22.03540236,0.006733442,0.032517538,0.019549494,65.1037,FLAT
2093,64.46789518,53.60347781,72.33126108,56.41037719,0.0,15.94081351,0.02874608,0.05415775,0.034188842,65.9747,SELL
2094,47.80205068,48.25234686,61.9708631,54.46437359,23.52829934,43.47730586,0.018074067,0.037175586,0.013417802,64.5957,FLAT
2095,43.50680838,48.47413453,66.14182275,49.59337754,8.510201689,37.68046487,0.023351969,0.045369649,0.018939082,64.886,FLAT
2096,34.24083849,50.92072801,44.45899136,53.73138932,70.21282833,79.71005811,-0.006660218,0.014901043,-0.013176416,62.7812,FLAT
2097,41.11217562,59.13619598,39.07758688,51.93800933,84.74615852,77.92112515,-0.017591602,0.009626816,-0.018880644,62.4183,FLAT
2098,54.93709917,68.01369855,40.32742212,61.78323826,92.06342264,65.90990935,-0.024225225,0.014057204,-0.016786845,62.5634,FLAT
2099,69.84219806,74.45441167,59.3021152,63.81559268,68.7496412,32.99990355,-0.003147358,0.045620032,0.011190607,64.3779,FLAT
2100,73.45860096,76.72609898,54.50802973,70.43015133,79.99944887,39.60302844,-0.009455089,0.040681471,0.003058913,63.8699,FLAT
2101,80.08705694,78.33546368,61.08747731,75.52061656,50.79278294,23.02126183,-0.003814688,0.050141634,0.012369398,64.4505,FLAT
2102,85.88409924,77.47273863,71.43596738,82.67319642,25.97251548,13.51275869,0.017179221,0.062950721,0.025816898,65.3215,SELL
2103,86.0179553,73.32982968,69.3597281,63.63641314,8.82400616,4.54569177,0.020780913,0.055801723,0.018861644,64.886,SELL
2104,81.44016119,67.08045437,64.55010411,59.75602926,25.0,15.15161004,0.020881837,0.040005087,0.002563733,63.8699,SELL
2105,79.76148135,60.00776295,74.5855044,62.55320646,6.172818507,3.78790251,0.046784003,0.056483997,0.019749837,64.9586,SELL
2106,71.65893908,50.27831956,61.97355591,50.0,6.329136001,5.434831444,0.021749768,0.008611705,-0.025603871,62.0554,SELL
2107,60.37676635,39.74756667,61.97355591,56.14758264,0.0,18.6917332,0.037873656,0.002873901,-0.025899912,62.0554,SELL
2108,42.50235986,29.58691608,50.08342234,49.5369071,28.74980624,46.72933299,0.023065533,-0.037620445,-0.060257581,59.878,FLAT
2109,37.19856679,23.2255781,60.10705646,52.97046586,2.532352018,28.03759979,0.047867329,-0.020800736,-0.038260861,61.3296,FLAT
2110,20.07608168,16.34335978,40.61519542,31.73053357,53.84724087,68.42156152,0.000248203,-0.07287889,-0.085012604,58.3538,BUY
2111,13.3933315,14.50485497,31.46835555,23.21408801,75.55609988,83.94211236,-0.024932725,-0.095851687,-0.101609615,57.3377,BUY
2112,10.48516028,15.05232175,15.01216199,18.48391057,100.0,100.0,-0.067055325,-0.128757527,-0.127503806,55.741,BUY
2113,15.64949295,17.30181919,29.88839761,33.5263292,80.64623658,88.67990745,-0.011502807,-0.072929648,-0.0634048,59.878,BUY
2114,17.78188419,18.11565152,33.11238991,31.52199958,72.88076223,84.46566877,-0.003592513,-0.071842337,-0.055046016,60.3861,BUY
2115,18.88888789,18.28004439,34.82961766,31.18319395,69.69646361,80.76892504,0.000958126,-0.073991662,-0.04967574,60.6764,BUY
2116,18.62848749,17.98016624,43.37873973,27.23032937,56.17994922,72.34040474,0.013033282,-0.057747176,-0.027248264,62.0554,BUY
2117,9.333400283,17.66084384,17.93382985,16.66679012,91.2623567,93.61716681,-0.035088002,-0.09145974,-0.060311066,59.878,BUY
2118,10.78666467,21.76242051,18.37433543,21.13419268,98.92442851,99.23642445,-0.049643279,-0.090558609,-0.057406096,60.0232,BUY
2119,15.72341006,27.16838981,19.52480987,25.38116153,94.50551114,96.12402273,-0.05469866,-0.08712386,-0.049918913,60.4586,BUY
2120,21.55871278,32.80546939,32.1370781,32.25866667,97.56023793,98.71758638,-0.016319845,-0.040191499,0.004165398,63.8699,BUY
2121,31.54554669,38.34491667,47.95495352,37.03767962,60.25577616,60.25577616,0.011336621,-0.009091674,0.039901658,66.0473,FLAT
2122,27.50739227,41.6938601,40.98247506,37.03703704,71.79573235,72.15284802,-0.0079282,-0.018091227,0.031619678,65.394,BUY
2123,27.16415514,48.68122485,23.72734486,22.96316708,96.15452554,96.20321602,-0.039006878,-0.038902059,0.011912211,64.015,BUY
2124,38.67345735,59.27918456,30.48225298,25.41023411,90.47566976,91.42800905,-0.031424598,-0.02024765,0.034443714,65.3215,BUY
2125,53.10380888,69.42827408,32.98586594,42.5673537,96.22793563,96.66796794,-0.031223877,-0.01210395,0.043577802,65.7569,FLAT
2126,77.61826612,77.46868231,66.48331783,75.92597318,12.19503999,14.28501132,0.011689788,0.040437264,0.098990023,69.0956,SELL
2127,78.90715298,77.3950067,64.60852372,77.84092688,21.42763417,13.04243644,0.010005044,0.040627955,0.099186083,68.8779,SELL
2128,77.31281318,76.65021823,58.402586,61.95123263,45.23684556,20.4910442,0.002135372,0.033003952,0.091142144,68.1521,FLAT
2129,76.84539821,76.3238655,52.39108854,52.21242715,85.00223899,27.86913017,-0.010848909,0.028532925,0.083894323,67.4988,FLAT
2130,79.16747935,76.06699118,55.98663582,55.41107983,72.50180841,23.77069546,-0.011836982,0.039407984,0.092714573,67.8617,FLAT
2131,80.61464008,74.53988506,62.89264988,60.59316344,22.61916478,15.57382603,0.000211453,0.056160401,0.107334801,68.5875,SELL
2132,78.73731742,71.54784155,59.27594291,57.021324,24.34763856,22.95078264,0.007101297,0.052690463,0.099042695,67.9343,SELL
2133,79.56876968,68.00675642,70.95618085,62.55709486,7.37695661,7.37695661,0.046689713,0.079522491,0.123859463,69.3133,SELL
2134,73.13905278,62.31203346,74.02716095,68.44277801,0.0,0.0,0.06737776,0.090722693,0.133277787,69.6762,SELL
2135,59.909034,56.97932246,66.63357363,64.67915131,1.149752946,2.271837668,0.041059222,0.061602839,0.098962037,67.3537,SELL
2136,41.28170214,55.5363302,41.76785166,43.78374755,70.1159255,70.45515039,-0.02230275,-0.002241907,0.030715279,62.9989,FLAT
2137,47.06253995,62.55726641,29.93271732,38.46122489,89.65539085,89.77281623,-0.047245678,-0.021613802,0.011931151,61.7651,BUY
2138,65.20532733,70.18899735,47.74123372,63.27736391,95.2366893,48.19223108,-0.015050602,0.022107796,0.059167053,64.5957,FLAT
2139,77.91786931,72.6436408,75.31467387,77.12438313,16.12924732,10.86966289,0.015900092,0.056559552,0.09758925,66.773,SELL
2140,72.9759184,70.04588645,70.82106107,74.48355157,32.25627236,20.20096586,0.016078855,0.046579028,0.089016818,66.0473,SELL
2141,70.37224133,68.60273639,62.6641937,72.79496687,53.02910108,35.35273405,0.00970243,0.031700704,0.073871711,64.9586,FLAT
2142,73.19200533,67.73118918,71.14987779,70.21282833,40.90852156,26.73214651,0.019647671,0.040622152,0.085554013,65.5392,FLAT
2143,73.42071653,65.04153346,69.92837142,61.14665333,13.11408759,10.12591998,0.019253016,0.036986319,0.084555773,65.3215,SELL
2144,65.31682108,60.91447314,54.52098869,59.86856418,47.54031712,31.18268419,-0.001835277,0.001727368,0.051000012,63.1441,FLAT
2145,68.6389847,58.74615252,50.45963256,56.66678914,51.47100539,37.63463162,-0.001156079,-0.00546775,0.045667213,62.7086,FLAT
2146,71.72897483,53.87356353,74.36520083,59.02749871,11.76601694,8.603090416,0.036045851,0.02449039,0.080457597,64.6682,SELL
2147,62.04178308,45.07910722,74.00063302,56.75678192,0.0,0.0,0.049034077,0.02451977,0.082198987,64.5957,SELL
2148,43.34594489,36.72435643,44.04786493,30.57810774,53.33425186,55.95322059,0.004049056,-0.028186752,0.027839288,61.1844,FLAT
2149,33.80805278,33.46297703,36.58852221,25.83356297,47.45691467,69.3063229,-0.008293254,-0.036490796,0.022623842,60.749,BUY
2150,32.28258679,33.29301435,37.93691005,39.16080547,44.06846948,67.32692177,-0.006630608,-0.034911535,0.027095112,60.8941,FLAT
2151,32.09025518,33.79068763,31.9119893,29.94002096,54.23847555,73.26785349,-0.014901307,-0.04203399,0.022043385,60.4586,BUY
2152,34.72932363,34.62821406,38.36822564,31.2502691,32.20307319,60.39560739,-0.007041987,-0.027641776,0.040356243,61.4022,FLAT
2153,32.32817025,34.57841383,50.2552553,34.01379672,29.76200239,45.37034675,0.009570637,-0.003456011,0.066431362,62.7812,FLAT
2154,19.47883908,35.68674275,26.18103123,38.99359624,91.78038239,92.49965555,-0.025296032,-0.028733334,0.038811192,60.9667,BUY
2155,25.37869464,43.66974008,27.90982104,38.03675277,98.43706271,98.59116665,-0.032997765,-0.021052321,0.046345592,61.257,BUY
2156,37.18474573,52.67876247,38.62190763,48.05182024,76.36213332,79.03111111,-0.014806494,0.006399282,0.075157735,62.7812,FLAT
2157,45.17166029,60.31014385,41.66808784,51.6129319,82.22038517,84.61395792,-0.016949284,0.016355435,0.085149209,63.1441,FLAT
2158,59.84218866,67.76641187,55.73504677,57.97140518,46.15282709,45.28296982,-0.002465587,0.044601469,0.113707092,64.5957,FLAT
2159,62.79495761,71.66938748,59.7707114,64.90104295,36.53754438,35.84890945,-0.001784103,0.056608844,0.124042992,64.9586,FLAT
2160,62.12701154,76.04037533,43.36837505,60.1508355,84.61395792,64.70600154,-0.025319066,0.032396237,0.096961682,63.1441,FLAT
2161,84.36321083,82.89322615,71.26069597,77.67105879,29.16642746,19.1778495,0.005362529,0.07219514,0.139169137,65.3215,SELL
2162,86.8018654,82.16920385,79.43317088,87.40776273,15.38604208,7.340226514,0.018663678,0.085289345,0.15203604,65.7569,SELL
2163,85.69955935,79.88744517,87.45915987,91.66727556,3.774663998,1.739609666,0.034951932,0.099788798,0.16616565,66.1924,SELL
2164,79.56004824,77.02476206,74.99664101,90.0908617,61.11068585,18.8028451,0.002980498,0.063183915,0.125498909,63.507,FLAT
2165,80.54921611,75.77603902,90.56304282,92.59297059,27.45103336,11.5701256,0.017984484,0.078604863,0.141441214,64.0876,SELL
2166,76.86251379,73.4250712,87.43291356,88.00066135,46.42751698,21.4868881,0.013498413,0.069959579,0.131855619,63.2167,SELL
2167,76.04953263,71.73200247,85.51026153,87.87942048,34.78202267,26.44583869,0.013118324,0.068627175,0.129439821,62.7812,SELL
2168,77.27859611,69.60545777,91.0829318,89.69063379,29.59172197,23.96693274,0.031123787,0.077925816,0.138883137,62.9989,SELL
2169,77.89206555,65.82615082,87.02288561,71.87450665,10.25577616,9.755523818,0.025827047,0.060975045,0.120608445,61.6925,SELL
2170,71.8080424,59.88323759,84.88100752,70.96740741,18.29286734,18.29286734,0.033341181,0.056258099,0.116457131,61.1844,SELL
2171,66.93237108,54.00982627,84.88100752,68.04016817,11.84191443,11.84191443,0.046684449,0.059177778,0.121233701,61.1844,SELL
2172,56.47791469,47.64499076,64.56108235,56.94412553,17.14364445,21.62353379,0.011560514,0.011624004,0.075268527,58.4264,FLAT
2173,45.69206096,43.29444614,61.27445102,59.73984147,10.34302547,29.73003165,0.011604955,0.006779177,0.075115483,58.2087,FLAT
2174,33.58652449,42.11353138,35.90890484,48.38673837,70.58799692,72.97337554,-0.005818276,-0.012934948,0.057446393,57.0474,FLAT
2175,36.81752002,46.31340045,42.94035291,50.0,84.61660749,78.5710771,-0.005031488,-0.007528293,0.067692451,57.4103,FLAT
2176,44.39697831,50.99047589,49.09219401,61.76351406,69.23321499,58.06666667,-0.003260014,-0.002447177,0.076166024,57.7006,FLAT
2177,48.67404772,54.23801947,40.57861457,56.92271822,88.4637804,63.89069616,-0.012747331,-0.008907743,0.072907494,57.3377,FLAT
2178,59.93818068,56.97848317,41.69457027,53.62313053,88.00220446,61.11217421,-0.012731077,-0.008896236,0.076947439,57.4103,FLAT
2179,70.30626593,55.5207217,66.59663477,67.2737293,17.85661566,10.63817313,0.00949588,0.014057016,0.102972147,58.6442,SELL
2180,62.52173758,48.23828947,62.36449245,54.09843471,32.14584461,19.15105678,0.009542191,0.011765626,0.100967005,58.3538,FLAT
2181,53.49490495,41.20315832,69.39863125,33.67356981,10.34302547,40.84452379,0.017889198,0.01840261,0.110145146,58.6442,FLAT
2182,33.87238925,35.14901446,56.70472233,36.89251555,21.73965135,60.81103726,0.008882621,0.002584974,0.096450505,57.7006,FLAT
2183,30.43835283,35.77780001,45.59598932,46.28102938,54.54374648,71.62114357,0.002292358,-0.00675181,0.088570515,57.12,FLAT
2184,31.45273165,38.40767698,46.79712693,45.16150538,33.33054987,70.26941481,0.003822038,-0.004861411,0.092144527,57.1926,FLAT
2185,32.30095304,41.83324707,49.9539307,50.38179179,37.5,66.21609041,0.007386645,-0.00050549,0.098382211,57.4103,FLAT
2186,31.57054161,46.52825756,36.17485631,42.51974484,81.68904758,82.43124988,-0.009912537,-0.014172768,0.083852144,56.5394,BUY
2187,38.46694638,53.89549078,37.55296481,39.4160951,79.72965425,79.72965425,-0.02252801,-0.010202245,0.088501548,56.6845,FLAT
2188,47.42945116,61.49462459,40.65154851,55.93230894,72.97287233,72.97287233,-0.026263577,-0.00228488,0.096973654,57.0474,FLAT
2189,57.47835676,68.42224733,42.32766726,56.89648346,96.22793563,59.30340607,-0.024963546,0.004327202,0.102673134,57.2651,FLAT
2190,73.47565833,73.81252179,47.55760053,55.61756442,74.54595556,44.56591736,-0.015282831,0.020238103,0.118602962,57.9909,FLAT
2191,83.89331917,73.97843962,79.96554389,63.05748135,0.0,0.0,0.037549515,0.077406584,0.178533941,60.9667,SELL
2192,75.96017787,69.09499148,73.66215326,62.5806681,7.49862221,3.895429982,0.025961546,0.062359248,0.156416984,59.6603,SELL
2193,66.03831308,65.71363102,58.61532608,57.0370068,38.46181022,33.33333333,-0.003505218,0.035447181,0.121995873,57.7732,FLAT
2194,65.72882549,65.55371299,63.04813509,57.89435518,19.29900894,27.77809671,0.009336232,0.046161574,0.129305095,58.0635,SELL
2195,62.5307424,65.46746355,56.46261481,58.5183144,33.33406233,41.66714507,0.005600652,0.038516676,0.117449628,57.3377,FLAT
2196,64.59835862,66.9139083,63.73272639,65.21765176,30.55475821,30.55475821,0.018637429,0.053952983,0.130792862,57.9184,FLAT
2197,62.2110878,68.05440291,75.37741188,71.42841522,13.88904836,13.88904836,0.033690737,0.076984221,0.150023368,58.7893,SELL
2198,50.43951307,70.93245364,45.50457253,62.1049731,76.38976596,73.33468053,-0.016962788,0.023684523,0.088683009,55.5232,FLAT
2199,63.65393409,81.02599153,45.50457253,62.88599756,76.38976596,60.44029252,-0.019985357,0.027051594,0.090027403,55.5232,FLAT
2200,81.87220697,89.58237803,59.99967931,76.59621248,68.33149628,43.15736041,-0.005616025,0.049936778,0.110610357,56.5394,FLAT
2201,95.13450629,93.37992497,94.33822741,97.53019221,0.0,0.0,0.023046504,0.083609479,0.140206075,57.9909,SELL
2202,92.73806909,92.5157282,91.06581639,96.92229429,8.332057563,4.285011318,0.013723784,0.070330684,0.118758418,56.8297,SELL
2203,91.27182511,92.40621702,89.19145265,96.9688746,21.95113755,11.84191443,0.013037917,0.072389862,0.111482045,56.3942,SELL
2204,93.30542664,92.96494737,94.47833538,92.75359425,12.27942954,8.43279494,0.025000934,0.085790872,0.115540642,56.5394,SELL
2205,94.5441574,92.79724862,92.28324309,91.37922843,6.66564605,4.476844616,0.019675709,0.079217772,0.100404066,55.6684,SELL
2206,94.06196436,91.93683086,89.1079404,92.75359425,6.978756128,4.478808941,0.015309768,0.073329617,0.086180336,54.87,SELL
2207,93.77656708,90.89012332,89.1079404,74.41804579,6.978756128,4.478808941,0.024667464,0.081389914,0.087404146,54.87,SELL
2208,92.91727468,89.46844206,83.61713485,67.56656116,5.884021559,3.847172911,0.015047627,0.070089141,0.068804562,53.8539,SELL
2209,91.32364439,87.76976331,82.61598988,70.37011838,0.0,0.0,0.019846338,0.074333067,0.066590586,53.7088,SELL
2210,87.0502155,86.01934428,76.21890601,73.33292511,10.34302547,7.49862221,0.010255225,0.065867752,0.051568989,52.9104,SELL
2211,84.36531468,85.51160173,70.73640981,72.41313781,25.0,19.23107496,0.003334601,0.061764206,0.041595952,52.4023,SELL
2212,88.97808161,86.07619088,70.73640981,81.10157632,11.76399076,5.88199538,0.010354912,0.067336289,0.041821395,52.4023,SELL
2213,87.83211626,84.64690142,65.6725381,81.24946181,32.3499615,12.35854168,0.002805458,0.063118588,0.031771345,51.8943,SELL
2214,89.80576106,83.07806426,72.87989576,78.7875625,17.64395996,6.381918386,0.009534878,0.076394754,0.039561658,52.2572,SELL
2215,88.10464596,79.76442255,72.39503264,79.25885859,3.572307238,1.136683889,0.01182125,0.081447271,0.038667308,52.1846,SELL
2216,82.80559947,75.65655131,59.72544685,68.54777778,55.26468455,24.41923804,-0.010224925,0.052710327,0.00758858,50.5878,FLAT
2217,86.36410152,72.13537834,83.38317476,81.03405271,6.666207403,4.650901983,0.01796446,0.082228386,0.031692616,51.8217,SELL
2218,81.93865549,65.12720125,86.61295614,77.04947655,2.468148803,2.324649941,0.041910268,0.088064351,0.034433853,51.9669,SELL
2219,74.18774622,56.84693275,84.44412829,76.66659012,9.639614216,9.639614216,0.053650908,0.077661133,0.021208203,51.3136,SELL
2220,66.22211778,48.30593507,78.15243135,67.28991218,8.333524697,8.333524697,0.043438009,0.050136643,-0.00789553,49.862,SELL
2221,53.68982229,39.48154657,76.64089087,65.38466634,3.774663998,3.774663998,0.052387885,0.046341834,-0.014975587,49.5717,SELL
2222,32.73949464,32.48344061,47.68337021,49.29653995,59.25699122,59.25699122,0.000623506,-0.011832428,-0.074530828,46.6686,FLAT
2223,28.79746529,32.35732445,34.73685391,44.61473238,88.89058992,88.89058992,-0.011519571,-0.026073943,-0.088604416,46.0879,BUY
2224,37.50949248,34.11068792,44.6884515,54.23740688,71.43232071,51.72462942,-0.002169813,-0.017169688,-0.078684576,46.7411,FLAT
2225,36.28282459,32.43664985,38.41561803,34.99991389,75.99889777,73.68382886,-0.008060094,-0.027873088,-0.087409503,46.4508,BUY
2226,37.16926287,30.54226528,51.18830111,50.60258964,31.99779554,57.99944888,0.005871408,-0.016096005,-0.075218288,47.2492,FLAT
2227,28.25659249,27.27822169,37.61161848,31.73074375,59.99586663,75.99889777,-0.008034334,-0.033641495,-0.090994484,46.596,BUY
2228,30.35258022,26.79633757,46.88463741,36.9996831,19.99862221,64.91177182,0.003705767,-0.027455941,-0.082547475,47.1766,FLAT
2229,25.600866,25.04475537,35.80649692,36.36401592,45.82926689,77.19120135,-0.004643147,-0.043438559,-0.09532101,46.6686,BUY
2230,26.97606336,24.77085014,42.97745928,46.15415187,47.36765772,72.97287233,0.007439531,-0.038106021,-0.087442042,47.1766,FLAT
2231,22.98051949,23.68470034,43.98457388,53.78140558,57.99944888,71.62114357,0.004630094,-0.04067174,-0.087745385,47.2492,FLAT
2232,20.32163712,24.03153569,35.52536815,41.00708728,72.00055112,81.08138301,-0.005866399,-0.056065159,-0.099951783,46.7411,BUY
2233,21.01267688,25.85879916,33.22144953,32.73820263,78.9460962,83.78297864,-0.019846654,-0.065569747,-0.105786881,46.596,BUY
2234,23.37471617,28.24569521,30.22751063,30.4090693,97.96136434,98.50908941,-0.034452119,-0.076056289,-0.11317819,46.3782,BUY
2235,34.14217753,30.64483414,43.10886878,35.61614103,67.79692681,62.31953513,-0.005988486,-0.045085717,-0.081901198,48.1927,FLAT
2236,31.8456601,28.92226202,29.68503738,29.32322259,81.81913073,82.60947703,-0.025195089,-0.068568046,-0.103942897,47.1766,BUY
2237,38.96535451,27.48237938,49.84933064,32.50014352,36.36382615,51.72462942,0.022249047,-0.030164738,-0.066446915,49.354,FLAT
2238,28.17658513,21.82658566,45.93205558,28.92588333,42.4241159,60.82497656,0.019608422,-0.037995998,-0.075744725,49.0637,FLAT
2239,20.54158822,18.69897398,40.33928651,32.81234863,52.23945052,67.01088037,0.00329451,-0.049038517,-0.087773461,48.6282,BUY
2240,14.41071455,17.79141771,28.50693943,30.08110046,71.01579504,79.38268799,-0.025186207,-0.070753722,-0.107757185,47.7572,BUY
2241,11.35373371,19.45654017,9.32744416,16.93574373,95.58698383,96.87414785,-0.06222604,-0.09850422,-0.132822651,46.596,BUY
2242,15.40627239,23.44747469,14.62392923,18.5841787,94.91616459,96.10457002,-0.040448295,-0.067466357,-0.100161813,48.5556,BUY
2243,20.85335467,27.40806687,30.56784497,31.46121337,77.77777778,82.45588591,-0.011020071,-0.028654497,-0.061242437,50.8056,BUY
2244,21.83115646,30.63650721,36.77648982,46.07872271,82.85635555,87.23323171,-0.010094731,-0.022498459,-0.054569051,51.2411,BUY
2245,26.29570586,34.97347101,36.77648982,46.07872271,82.85635555,87.23323171,-0.012310388,-0.022159986,-0.055749219,51.2411,BUY
2246,32.95921243,39.24759415,35.37608467,44.66010327,85.71428571,89.36151501,-0.013985362,-0.023612963,-0.058094872,51.1685,BUY
2247,43.95300355,42.34485678,50.61994165,56.04324062,48.83847608,53.19242495,0.004451595,-0.000346716,-0.035383193,52.4023,FLAT
2248,42.54702058,41.55278449,56.33170473,57.95431416,42.55393996,42.55393996,0.006367182,0.008391124,-0.02837843,52.7652,FLAT
2249,35.20868771,41.06308613,42.94042831,36.89371037,70.21282833,70.21282833,-0.013266954,-0.008883987,-0.046346874,51.8217,FLAT
2250,37.87898665,43.9465958,34.25443533,33.67309639,85.10787992,87.27391152,-0.022941648,-0.018124577,-0.057480618,51.3136,BUY
2251,49.20087616,46.9351197,48.63898293,37.07872126,57.49862221,56.36304424,-0.001379321,0.004300253,-0.03719111,52.5475,FLAT
2252,51.94131456,45.81915011,71.12830039,53.4886329,14.89212008,27.27090536,0.022947602,0.027279067,-0.018501744,53.7088,FLAT
2253,41.70255721,42.80375567,65.55346439,50.61747295,13.15808557,39.99949897,0.021459977,0.018975292,-0.029567492,53.2007,FLAT
2254,32.69013712,43.346137,40.68693546,56.98919952,68.18224519,74.5453179,0.000560311,-0.004600546,-0.057591452,51.8217,FLAT
2255,36.2538687,48.59461456,40.68693546,53.53578934,74.5453179,74.5453179,-0.006954159,-0.003489116,-0.060629154,51.8217,FLAT
2256,41.57287105,54.67289237,42.76742252,53.53578934,70.90786112,70.90786112,-0.011049051,0.000979466,-0.061823479,51.9669,FLAT
2257,47.72009734,61.12514168,36.24958728,57.00967073,79.99899795,77.19120135,-0.026293326,-0.006010665,-0.071901691,51.604,FLAT
2258,61.37278607,67.7276262,37.61999317,48.79962964,84.00066136,64.61548245,-0.029668109,-0.003842444,-0.074226556,51.7491,FLAT
2259,78.639477,70.85762209,65.2648689,66.0379811,32.55791599,21.53849415,0.003248821,0.034409737,-0.044015493,53.7813,SELL
2260,78.72713444,67.02476818,63.74299449,56.19840357,20.40827803,16.9492317,0.011497643,0.03342213,-0.052685141,53.6362,SELL
2261,76.59758343,61.26091614,74.14149778,63.70959677,2.083931339,1.724629418,0.03148282,0.044389662,-0.048650235,54.2168,SELL
2262,65.92046439,53.70703524,67.18144186,55.93204507,19.99938765,16.98078873,0.024281682,0.02478205,-0.071375516,53.2733,SELL
2263,57.49869353,47.69146566,66.05663233,63.88878258,6.66850372,6.66850372,0.032439544,0.020137442,-0.07945794,53.1281,SELL
2264,39.84970114,42.86103999,40.98240216,51.26082527,60.71252829,67.4399231,-0.006800379,-0.025711648,-0.123913588,50.8782,FLAT
2265,45.93205045,44.34423673,46.27452402,57.02427582,45.1620072,53.48926626,-7.8e-07,-0.02287411,-0.122157777,51.3136,FLAT
2266,45.64702734,43.56217923,47.92560435,47.58606273,50.0,48.83691125,-0.001970892,-0.026299514,-0.125429099,51.4588,FLAT
2267,42.93016127,42.53531375,36.06756918,41.17676855,84.20957215,79.06760654,-0.021371803,-0.049439396,-0.147058999,50.5153,BUY
2268,53.76488272,42.34083661,50.11294945,46.28119876,55.99889777,36.95450325,7.7e-07,-0.027371205,-0.128712164,51.9669,FLAT
2269,47.02783693,36.71406763,41.97777886,46.28058709,53.48926626,56.52199958,-0.005906027,-0.04414311,-0.144912048,51.3136,FLAT
2270,48.77626387,31.63415141,55.70280559,43.07713504,13.95386094,19.56450115,0.020581178,-0.023007638,-0.129399843,52.5475,FLAT
2271,33.18290933,23.19102139,46.67817835,31.2500598,39.53540532,63.38003571,0.014802052,-0.038241306,-0.146930728,51.7491,FLAT
2272,21.68753652,18.26964375,52.08003385,36.11156293,23.25536687,66.66573886,0.023891293,-0.032192438,-0.143286483,52.2572,FLAT
2273,9.476393503,16.58620402,23.89991553,18.89754383,89.1304999,94.94948089,-0.015928182,-0.074186347,-0.180604574,50.2249,BUY
2274,11.65630179,20.088051,26.57947251,18.18172329,81.39639207,92.15733949,-0.01662523,-0.072733727,-0.177870758,50.6604,BUY
2275,13.29322337,24.2410021,16.60772399,11.34780187,100.0,100.0,-0.032801076,-0.089529364,-0.191774226,50.0798,BUY
2276,19.8406319,29.63319162,25.67484841,20.16155915,79.24454727,88.54124806,-0.010776084,-0.061659526,-0.166432589,51.9669,BUY
2277,23.38518498,34.45639268,27.52418532,29.62993203,81.48122948,84.3748206,-0.019073344,-0.063413998,-0.166591223,52.2572,BUY
2278,27.20727729,39.90937557,29.66077201,28.36901609,75.30830598,79.16642746,-0.022910496,-0.065419864,-0.165761294,52.6201,BUY
2279,30.3465647,46.16563293,20.80898052,44.80876374,97.43517275,97.70049411,-0.046857358,-0.084983064,-0.180877662,51.9669,BUY
2280,44.16078769,53.9571143,29.34300479,53.70346746,80.64623658,83.09949351,-0.029304062,-0.059807536,-0.156383061,53.8539,FLAT
2281,57.58749336,58.78217069,42.86682766,50.58156301,64.15109055,40.96379542,-0.011342801,-0.033518027,-0.132426864,55.6684,FLAT
2282,61.69228794,59.37059385,36.28884748,42.10514866,77.35981491,49.39825036,-0.026140809,-0.046125529,-0.144096768,55.1603,FLAT
2283,67.15479188,58.22707288,42.429813,42.7805162,56.60436218,37.6477072,-0.015828366,-0.034802425,-0.135593929,55.9587,FLAT
2284,68.77997302,53.82983814,49.0733468,44.94388111,33.92874717,24.70620654,-0.005594605,-0.020663486,-0.127065498,56.7571,FLAT
2285,65.57167339,46.46633888,60.85272232,51.49702575,2.98593403,11.9569287,0.02831356,0.001880289,-0.111448757,57.9909,SELL
2286,50.93289925,37.05624875,56.42244576,39.69063379,6.493576209,28.71291181,0.035114799,-0.006602099,-0.124402004,57.3377,FLAT
2287,37.47295038,30.22148059,48.67811475,29.6649109,25.0,53.27904954,0.022157126,-0.020228163,-0.143963803,56.249,FLAT
2288,28.13321621,26.64986114,54.34410449,31.31301885,20.00064837,58.02481736,0.032579971,-0.002031627,-0.13463129,57.0474,FLAT
2289,14.53701198,25.91925342,19.66132266,13.37604212,79.99935163,89.50577909,-0.037453601,-0.064944221,-0.19344697,53.3459,BUY
2290,16.52823743,31.52543204,14.57129574,20.93049336,86.95580549,92.5922146,-0.060004442,-0.075070503,-0.202859133,52.983,BUY
2291,21.02040037,38.91210998,22.58365926,26.27746769,94.73773266,97.45808229,-0.030909957,-0.036099567,-0.169219625,55.5232,BUY
2292,30.12174258,47.72444456,32.93161454,46.09920069,84.74615852,90.90934395,-0.015453907,-0.009466761,-0.145988587,57.3377,BUY
2293,40.48033743,56.3944321,37.30835931,59.76357411,82.82767835,68.9070279,-0.022537281,-0.001500635,-0.141096813,57.9184,FLAT
2294,51.9604049,64.23271754,38.32658463,61.1763085,90.90966025,65.57421482,-0.034749259,-0.003550004,-0.142483751,58.0635,FLAT
2295,61.41094063,70.27728943,34.00162863,61.62756234,97.7281979,68.80022045,-0.053410338,-0.014766703,-0.152225169,57.628,FLAT
2296,77.12457892,74.64429705,51.25323816,83.78366301,79.36577365,30.30328334,-0.018912684,0.023175583,-0.11716426,60.2409,FLAT
2297,85.55907302,73.42266567,77.45083198,98.72662331,29.85111458,10.41671152,0.016548598,0.05625185,-0.087917796,62.4183,SELL
2298,84.41657675,67.4450322,77.45083198,75.61010034,10.8101734,6.521348449,0.030928022,0.050061383,-0.090161097,62.4183,SELL
2299,79.95316677,59.08591325,74.69106306,60.66964903,1.07557149,0.613668061,0.042689201,0.028433389,-0.102871944,61.6925,SELL
2300,70.38160781,48.80801226,68.52817807,52.52115921,15.73007617,8.974245743,0.040622001,-0.007177011,-0.126570309,60.2409,SELL
2301,60.21359538,38.18221147,68.52817807,47.52859081,6.503718971,13.41426531,0.060838458,-0.019781519,-0.130244808,60.2409,SELL
2302,43.24401538,27.33093282,59.34021921,45.66940239,0.877436821,31.09720239,0.057565319,-0.066705495,-0.16442686,58.1361,FLAT
2303,30.60610771,19.49314589,42.73802874,30.0749504,16.30449433,59.89609122,0.035742627,-0.119881007,-0.205773658,55.5232,FLAT
2304,22.55554539,14.01959753,41.13597932,31.86805422,20.4299323,62.05115523,0.034482823,-0.136495076,-0.213375087,55.3055,FLAT
2305,14.68177312,9.815324702,37.39919417,25.98689279,50.74596173,70.27003544,0.013441715,-0.157635572,-0.225936938,54.7249,BUY
2306,5.242413134,7.418417273,9.131997247,15.0944181,89.63370579,92.34206558,-0.068445163,-0.224123389,-0.280027207,51.1685,BUY
2307,4.052678767,8.490180505,9.268601375,12.15811581,97.31559139,98.41906919,-0.09867412,-0.235512803,-0.282338531,51.3136,BUY
2308,5.097073121,10.67581569,13.00537416,11.94034762,96.15486524,97.73815461,-0.065131362,-0.198147222,-0.237999028,54.7974,BUY
2309,6.412407941,13.42355457,18.46451119,12.46110198,96.55232484,98.77070934,-0.038276626,-0.163127862,-0.197149822,57.9909,BUY
2310,8.726556906,16.87680589,21.59609219,13.02935105,98.92591001,99.55205991,-0.029886792,-0.151920542,-0.181394162,59.3699,BUY
2311,12.80408459,20.89110763,26.2895337,13.46805096,76.13746673,91.1768622,-0.019311978,-0.133087622,-0.15938713,61.1844,BUY
2312,14.36615557,24.87426823,14.38074287,18.92749415,99.25454471,99.5889277,-0.052935461,-0.160002939,-0.182813409,59.7328,BUY
2313,21.23530122,30.0499058,20.84781623,21.50550379,69.92937595,81.85612799,-0.027467403,-0.117458612,-0.138954645,63.2167,BUY
2314,22.75794546,34.39142746,14.43475902,22.88745719,84.43351162,86.07555199,-0.067576109,-0.131569073,-0.152429286,62.4909,BUY
2315,27.10877256,40.12135143,19.31811652,25.49033381,66.03734345,69.61991466,-0.061717787,-0.097668136,-0.117764403,65.3215,BUY
2316,25.49752895,46.53053207,13.3015494,22.17352663,100.0,100.0,-0.099372335,-0.112332948,-0.131343119,64.5957,BUY
2317,38.05601336,56.89007093,21.9400058,28.0149061,87.19977955,87.19977955,-0.064762582,-0.052355501,-0.071026366,69.3859,BUY
2318,50.49543375,66.16654704,38.16236689,47.43346244,100.0,91.66666667,-0.024154782,-0.002389536,-0.021429486,73.3052,FLAT
2319,71.26184141,73.88515508,56.84187395,64.15408076,41.66666667,35.57703619,0.000962472,0.026328052,0.004796001,75.4826,FLAT
2320,77.62961405,75.17723495,60.81057079,69.92111391,33.33333333,23.65479256,0.010638383,0.031144099,0.005888811,75.8455,FLAT
2321,80.62977851,73.96934674,73.05168729,70.21251213,8.333333333,5.315346984,0.029126447,0.047559577,0.016645108,76.9342,SELL
2322,74.00193865,70.68883556,52.76881039,67.13899661,59.81173865,26.05821808,-0.003525772,0.011051837,-0.024634401,74.031,FLAT
2323,76.59869519,69.05700867,62.11981131,72.59235727,33.01956441,14.38565455,0.001873568,0.022003127,-0.018547846,74.7568,SELL
2324,72.15815103,65.34244665,51.88910917,61.08576481,57.41083835,31.89449984,-0.010508464,0.008407836,-0.036307415,73.6681,FLAT
2325,74.15423281,61.98545792,60.62116053,56.11709473,27.99946557,20.22193631,0.003205126,0.019852145,-0.03015391,74.3939,FLAT
2326,71.38428625,55.99188223,63.21240058,54.05396947,20.00154392,16.66773882,0.01599173,0.025153845,-0.030230869,74.6149,SELL
2327,65.49946278,48.4105489,75.28553577,54.05439239,0.0,0.0,0.037915008,0.042113472,-0.020352745,75.6513,SELL
2328,48.50666087,39.99362117,66.84233982,46.87533924,7.141970969,23.52830992,0.029836865,0.022945249,-0.046203514,73.9241,FLAT
2329,34.73284051,35.80063147,54.3720474,33.33333333,27.27177031,52.93997446,0.017527308,0.00167816,-0.072072813,72.1969,FLAT
2330,28.66124192,36.32655836,39.90746797,37.50011308,66.66586254,77.77742039,0.000976734,-0.017963892,-0.093588745,70.8151,BUY
2331,31.18856374,40.10201272,49.28050347,46.87491519,41.66646564,61.1112898,0.009708754,-0.006448624,-0.084305701,71.8514,FLAT
2332,27.39595429,44.49221893,26.15475931,37.03695762,88.23499361,88.8887102,-0.019323704,-0.031719705,-0.110039673,70.1242,BUY
2333,35.41675918,52.91276719,20.3443452,33.33369072,94.11664538,94.44355098,-0.036258996,-0.039695406,-0.118096211,69.7788,BUY
2334,50.12407613,61.53020397,27.19126833,48.14783047,70.58833546,72.22257961,-0.030131937,-0.0239284,-0.103893741,71.1605,FLAT
2335,61.13063791,67.14814754,40.98565881,60.86945577,72.72822969,53.33487726,-0.018604951,-0.002128604,-0.085194461,72.8877,FLAT
2336,72.29635272,70.11199556,48.92897211,68.18163875,66.66773882,40.00115794,-0.011142132,0.007092003,-0.07911822,73.5786,FLAT
2337,78.35333558,69.03611815,63.75586753,83.33293127,33.33547765,15.00115794,0.005586223,0.022242767,-0.068698324,74.6149,SELL
2338,77.54305236,64.44704091,63.75586753,74.07391523,30.00231589,15.00115794,0.011235483,0.023696166,-0.071167919,74.6149,SELL
2339,73.87079773,57.99676662,79.09737705,62.50045232,0.0,0.0,0.030104122,0.039639759,-0.060354121,75.6513,SELL
2340,61.00119064,50.17821398,66.01266956,43.74977384,30.77025853,22.222937,0.013320502,0.012357101,-0.088770261,73.5786,FLAT
2341,52.73844754,44.84749413,54.66049558,43.74977384,53.84683902,42.10534335,0.005747302,-0.004739411,-0.104668492,72.5423,FLAT
2342,48.61481836,40.96090514,54.66049558,39.99983458,38.88933563,42.10534335,0.010587287,-0.009200323,-0.107775074,72.5423,FLAT
2343,44.04415174,37.19106729,58.85376788,42.85714286,0.0,36.84274679,0.025266896,-0.008226172,-0.10624825,72.8877,FLAT
2344,34.63023609,33.81566749,45.46517908,39.39383306,20.00057897,57.89465665,0.013712465,-0.031352161,-0.124797165,71.506,FLAT
2345,30.94846684,33.41446206,41.66823566,41.17617008,61.11227263,63.15877683,0.004877775,-0.040745647,-0.130618766,71.1605,FLAT
2346,28.04606446,34.62905672,38.22860416,44.44426575,68.42137339,68.42137339,-0.010617665,-0.049165199,-0.136599766,70.8151,BUY
2347,26.3061458,37.87142604,19.15859274,34.37488692,97.82571073,97.82571073,-0.043062261,-0.076212573,-0.15972276,69.0879,BUY
2348,38.19198558,43.5677581,22.49142419,39.99961402,93.75067849,93.75067849,-0.044256506,-0.066667022,-0.149501013,70.1242,BUY
2349,53.92493953,46.21552666,35.76422227,44.44396792,87.50135697,53.84683902,-0.018605215,-0.032332646,-0.11881442,72.8877,FLAT
2350,57.75283046,42.41835315,55.37020586,37.49988692,14.28394194,36.84122317,0.006493568,-0.00663751,-0.096021388,74.9604,FLAT
2351,40.73284979,34.8655509,42.8358272,27.27272727,44.44337225,63.99953682,-0.002795579,-0.020370382,-0.110248271,73.9241,FLAT
2352,37.46406989,31.97568727,55.2493515,36.36363636,7.691451221,51.99976841,0.015917675,-0.010487705,-0.099647037,74.9604,FLAT
2353,32.27461711,29.27245404,51.50069173,30.55501946,15.38512927,56.00046318,0.017906946,-0.017735871,-0.105158195,74.6149,FLAT
2354,26.49965665,27.79377671,43.99685505,30.55557789,30.76803171,67.85666284,0.015180445,-0.031454623,-0.114726461,73.9241,FLAT
2355,21.82015493,28.43117913,36.08447707,35.89741686,63.15725321,74.99974153,0.005692495,-0.045044843,-0.124328518,73.2332,BUY
2356,20.25383528,31.68735522,23.03662565,30.55557789,83.99953682,85.71384262,-0.020618361,-0.065503691,-0.138439898,72.1969,BUY
2357,23.19313932,37.31879042,24.36275496,36.84198498,90.90885167,91.99976841,-0.034038735,-0.068322997,-0.136335559,72.5423,BUY
2358,30.67621327,44.27620066,20.71127932,44.18599954,95.45376791,95.99930523,-0.052583357,-0.078685841,-0.142680837,72.1969,BUY
2359,43.81490149,50.97470191,25.66857394,44.18599954,94.99913154,94.99913154,-0.048042104,-0.064889076,-0.124445426,73.9241,BUY
2360,62.93226105,54.50117078,44.35219265,61.76468084,72.72751197,39.99971051,-0.011423263,-0.028077546,-0.08188235,77.7239,FLAT
2361,65.41346918,50.34854423,56.26592098,47.72719796,30.77025853,20.00057897,0.00792214,-0.019692257,-0.067716653,79.1056,FLAT
2362,58.22934365,42.92850656,47.86276741,46.51169053,50.00103389,35.00028949,-2.56e-07,-0.039320118,-0.082295941,78.0693,FLAT
2363,54.89468534,35.39227337,60.20181277,42.55313907,16.66639862,22.72721292,0.02313186,-0.029535605,-0.068259913,79.4511,FLAT
2364,40.06655195,25.78660777,55.62595208,42.55313907,12.50045232,40.0,0.028880697,-0.044826114,-0.078477676,78.7602,FLAT
2365,26.21882264,18.75320242,42.37536522,28.84612173,9.089952103,67.74181499,0.014558339,-0.0718002,-0.100564767,77.033,FLAT
2366,19.43107856,15.0761059,42.37536522,30.18887505,33.33333333,68.75005654,0.020127633,-0.07813145,-0.102435192,77.033,BUY
2367,13.11325002,12.93111936,34.91209432,32.72752154,63.15781455,78.78766613,-0.000908424,-0.098360452,-0.116406606,75.9967,BUY
2368,8.797691598,12.84141322,17.89869662,20.33943212,95.45376791,96.96916531,-0.036035561,-0.131492875,-0.142054787,73.9241,BUY
2369,11.63808381,14.83309701,21.67605429,16.66706873,75.99930523,87.99965262,-0.033538759,-0.120481245,-0.123882608,75.6513,BUY
2370,8.414775508,16.40676023,16.00333496,14.28606876,96.42794372,98.03887066,-0.055700285,-0.136489809,-0.133847451,74.9604,BUY
2371,11.51123397,20.34311091,26.9221938,24.59045178,82.35334185,92.68304738,-0.018691911,-0.089296407,-0.080292242,79.7965,BUY
2372,13.3922539,24.69313985,20.74172715,23.33341375,100.0,100.0,-0.037815668,-0.103192098,-0.089644717,79.1056,BUY
2373,19.98843866,30.25924785,28.4381054,25.45475599,69.22974147,88.8885315,-0.012499536,-0.077461535,-0.059212253,81.8692,BUY
2374,24.3606777,35.31800462,22.70167733,29.31047391,93.33314034,94.44426575,-0.030527672,-0.087909685,-0.067830011,81.1783,BUY
2375,33.62281402,40.71489698,33.4158868,39.21577531,64.70553176,66.66639862,-0.015272734,-0.052224058,-0.028997677,84.6327,BUY
2376,33.76526204,44.20801247,30.80278571,32.20319024,69.44466781,69.44466781,-0.036334891,-0.057005197,-0.033408584,84.2872,BUY
2377,35.34627227,49.3514567,17.9200802,24.56119858,83.33360138,83.33360138,-0.069314641,-0.077576632,-0.053340831,82.56,BUY
2378,44.54680705,56.24953262,25.52274473,32.65294066,100.0,100.0,-0.046707502,-0.041570812,-0.013861788,86.0144,BUY
2379,66.48777171,62.01356163,65.59830242,53.12466076,15.38512927,22.222937,0.01059792,0.028108817,0.057564811,92.2323,SELL
2380,60.92737452,59.80984622,65.59830242,54.5453748,13.33371931,22.222937,0.016755376,0.029496235,0.059032965,92.2323,SELL
2381,52.62827422,59.25942184,52.2764844,44.82720757,30.77025853,50.00080413,0.006144137,0.01138713,0.040163507,90.5051,FLAT
2382,53.92319341,62.52550947,49.12467063,51.51496544,50.0,55.55573425,0.0,0.008111038,0.035714145,90.1597,FLAT
2383,58.59191897,66.76247112,58.37882198,65.78907274,38.88933563,38.88933563,0.006097305,0.021276176,0.046580418,91.196,FLAT
2384,57.35134288,70.78677292,44.41768897,60.60563529,66.66720275,48.00023159,-0.014459995,0.007193759,0.026284119,89.4688,FLAT
2385,69.18137281,77.40422354,33.75132645,59.3747173,83.33360138,60.0,-0.030303289,0.000585988,0.013660474,88.4325,FLAT
2386,83.55428778,81.45428435,62.56964548,79.16676718,49.99879381,23.99953682,-0.002258778,0.040031584,0.048398055,91.5415,FLAT
2387,87.27482826,80.4199543,81.01560448,82.60836732,29.99942103,11.99976841,0.0090362,0.056990713,0.059637684,92.5778,SELL
2388,86.91754005,77.0436731,77.47360086,85.18478809,8.33252919,4.761379615,0.007575548,0.05492736,0.051175543,91.8869,SELL
2389,82.8190975,72.18042519,75.65716299,56.41023738,9.522759229,9.089952103,0.014548345,0.054516723,0.046052963,91.5415,SELL
2390,79.04717618,66.94048212,73.97803184,53.84609675,5.264039979,5.000868458,0.020881068,0.054312602,0.041077523,91.196,SELL
2391,71.19024295,60.97748355,78.29877427,57.50027139,0.0,0.0,0.035965545,0.062337313,0.044198131,91.5415,SELL
2392,57.00036261,55.94731847,71.68485361,58.53674036,6.665894704,25.0,0.027668016,0.046699061,0.023622346,89.8143,SELL
2393,48.13486956,55.42865494,53.57373406,65.30626713,24.99728605,51.99976841,0.001590103,0.018799695,-0.008784089,87.0508,FLAT
2394,54.60414035,59.02111639,53.57373406,67.92475503,22.22007784,43.33314034,0.005586876,0.021898239,-0.010211593,87.0508,FLAT
2395,57.85681183,61.1966419,48.28056241,64.15103615,73.68396995,46.87491519,-0.008723155,0.017087286,-0.019735712,86.3599,FLAT
2396,61.72658482,62.84163283,50.58725914,59.64906044,70.00057897,43.7502827,-0.013365071,0.023028111,-0.017484515,86.7053,FLAT
2397,64.42414644,63.39083558,54.77503772,61.81819139,60.00028949,37.50011308,-0.011718766,0.032863872,-0.011589988,87.3962,FLAT
2398,65.37191605,62.88189143,43.56260631,48.27605139,71.99976841,56.2497173,-0.035155845,0.009399727,-0.036410448,85.3236,FLAT
2399,76.02137725,61.65546139,76.39135584,63.82987897,16.66666667,15.62497173,0.023622307,0.062525842,0.012855808,89.8143,SELL
2400,71.90689242,54.57971179,80.10587974,66.66666667,12.50033924,12.50033924,0.04987921,0.06813981,0.016025329,90.1597,SELL
2401,64.22687219,46.0454288,78.42728193,65.95752544,3.704339062,3.704339062,0.064091595,0.060388558,0.007063364,89.4688,SELL
2402,48.43179713,37.09038952,72.94977265,65.21755547,0.0,0.0,0.055926421,0.034130451,-0.017920619,87.3962,SELL
2403,23.03253303,31.50432309,40.97969991,50.0,74.99909535,74.99909535,2.44e-07,-0.03284999,-0.081987956,81.8692,BUY
2404,22.06303657,35.6769958,22.70943206,44.82765505,100.0,100.0,-0.026733586,-0.054383127,-0.100212433,80.4874,BUY
2405,32.92990532,42.3823787,25.9187905,40.62511308,100.0,93.33217539,-0.029727441,-0.051271449,-0.095283731,81.1783,BUY
2406,49.14911242,47.03807455,36.13066041,44.82765505,81.81746408,62.49932152,-0.017198944,-0.034787547,-0.078635639,82.9055,FLAT
2407,53.65482134,45.99830963,36.13066041,38.23531916,100.0,64.70498084,-0.020407956,-0.037690155,-0.08081171,82.9055,FLAT
2408,61.61133947,42.22719192,66.15801928,53.84572561,0.0,11.76500639,0.017156558,-0.003003355,-0.048710968,86.0144,SELL
2409,48.49819638,32.67977596,60.29182052,40.00019299,7.691451221,27.77742039,0.018977354,-0.010416114,-0.057790844,85.3236,FLAT
2410,34.72020695,24.88861367,53.89777478,29.41191496,8.332328179,55.99930523,0.019983715,-0.019607514,-0.066844138,84.6327,FLAT
2411,21.7216139,20.04618713,50.72339106,21.95101286,37.50067848,72.97301526,0.019214445,-0.025559479,-0.072126141,84.2872,BUY
2412,12.71882672,19.22097693,31.99723312,23.80912995,70.58833546,86.48650763,-0.000836509,-0.047429661,-0.092692615,82.56,BUY
2413,12.32742423,22.42352852,22.5840131,18.60466682,82.351639,91.89127866,-0.016597054,-0.057653586,-0.102328973,81.8692,BUY
2414,14.40529283,27.3962366,18.04487437,25.53170521,88.8887102,94.59444657,-0.028806864,-0.06367803,-0.108368715,81.5237,BUY
2415,18.83800029,33.79476115,23.57240671,36.17012103,89.99971051,93.74983038,-0.021915896,-0.046111393,-0.091594624,83.2509,BUY
2416,25.03797659,41.16152396,26.13423339,36.95634389,90.32273126,90.32273126,-0.028000039,-0.040284328,-0.085893396,83.9418,BUY
2417,32.60369837,49.10297267,33.39205715,51.02029965,82.14282022,82.14282022,-0.026687502,-0.02111696,-0.069010776,85.669,BUY
2418,39.86690902,57.22948091,30.29514137,51.02058902,95.99930523,92.30743537,-0.040403472,-0.023714878,-0.074501493,85.3236,BUY
2419,57.53235783,65.78119542,38.99972664,50.0,100.0,69.23085488,-0.029907671,1.14e-07,-0.05402871,87.3962,FLAT
2420,70.71423872,69.84405572,50.63984705,54.34762088,66.66720275,46.15427439,-0.011450402,0.025133289,-0.033101367,89.4688,FLAT
2421,79.02261085,69.41545812,74.29209934,66.66641925,17.648361,12.00092635,0.022988325,0.058053791,-0.004289144,92.2323,SELL
2422,74.60136798,64.68357693,64.28280456,63.8887102,31.25022616,23.8096551,0.009280802,0.033868005,-0.02751051,90.1597,FLAT
2423,73.81873755,59.79869478,76.14089749,72.22177549,9.524137741,9.524137741,0.032056025,0.042653725,-0.017796559,91.196,SELL
2424,65.6144821,52.89330057,68.35824319,67.74148364,6.66782461,6.66782461,0.0269624,0.021494429,-0.037473242,89.4688,SELL
2425,51.96248391,46.627644,57.18568506,53.33288303,35.71472881,40.00115794,0.011951746,-0.000393957,-0.056755957,87.7416,FLAT
2426,48.00427766,44.00003629,60.61048497,62.85709559,33.33333333,29.41166454,0.0151275,0.000588855,-0.054154032,88.0871,FLAT
2427,38.81235471,42.027798,36.13674613,59.37508481,86.66628069,68.42033093,-0.015935816,-0.034401394,-0.084845795,85.3236,FLAT
2428,46.33947835,43.6115238,31.90506363,48.64843719,100.0,73.68437091,-0.023034281,-0.043731955,-0.089619637,84.9781,BUY
2429,56.20197127,42.26790439,50.72376892,61.29014184,50.0,36.84218545,0.003172182,-0.023542967,-0.064752577,87.3962,FLAT
2430,52.77595891,35.40485653,58.62813673,52.77780011,33.33333333,26.31562909,0.015127734,-0.02092504,-0.057939501,88.0871,FLAT
2431,42.47778584,26.84894043,55.8774639,35.2942512,21.43004839,56.66685966,0.013567042,-0.028681062,-0.062500367,87.7416,FLAT
2432,23.38163629,19.15115089,47.50211063,27.27296651,37.50067848,72.22213287,0.008031907,-0.04453769,-0.074199479,86.7053,BUY
2433,18.48005416,17.06747898,38.10260464,29.82483761,56.25011308,80.55533219,0.004048589,-0.060071997,-0.085882763,85.669,BUY
2434,18.00494595,16.371733,38.10260464,31.03460323,56.25011308,80.55533219,0.004862149,-0.064680342,-0.08655615,85.669,BUY
2435,17.29582921,15.56731468,44.97436283,34.54582776,31.24966076,69.44386368,0.022727727,-0.054940458,-0.072619741,87.0508,BUY
2436,10.76463317,14.71595678,29.77675005,24.07432226,83.33333333,86.11106644,-0.002433281,-0.081575692,-0.095144872,84.9781,BUY
2437,9.225798651,16.66213109,13.92919233,15.68658614,100.0,100.0,-0.040605294,-0.106083303,-0.114296441,83.2509,BUY
2438,13.76984873,20.32480229,17.78164326,15.38495797,88.23489344,89.18889315,-0.043376751,-0.089568314,-0.093300269,85.3236,BUY
2439,14.75725906,23.5533615,14.63315557,18.51847881,91.1765958,92.50014474,-0.064638883,-0.096916482,-0.097799704,84.9781,BUY
2440,18.03229733,27.88577017,18.6270137,27.45111395,96.00041686,96.77455503,-0.055265072,-0.075461295,-0.072863803,87.3962,BUY
2441,25.3252246,32.73897321,37.18472483,37.83779555,88.88996108,93.3341053,-0.007380298,-0.021640561,-0.014832731,92.9232,BUY
2442,34.51564082,36.39052104,57.09336493,52.94122655,11.11003892,46.66705265,0.014705904,0.000906567,0.011235925,95.3413,FLAT
2443,25.24741522,37.3139695,38.18027725,44.82775831,75.00060309,80.00038598,-0.003676476,-0.019004604,-0.006112531,93.6141,BUY
2444,27.83215313,43.25719773,33.49004528,37.50033923,86.66628069,86.66628069,-0.016034629,-0.024918402,-0.009113356,93.2687,BUY
2445,34.97317277,50.85460775,29.19100614,39.39401914,93.3341053,93.3341053,-0.026773083,-0.030456211,-0.011998335,92.9232,BUY
2446,48.91556345,58.67680707,39.36778354,39.39401914,90.00115794,81.81794258,-0.013679216,-0.014211439,0.007044137,94.6504,FLAT
2447,64.05296195,63.48458378,44.31132906,51.35118219,70.00057897,53.84683902,-0.009332554,-0.007551262,0.015701612,95.3413,FLAT
2448,77.69075231,63.20463632,68.33930449,69.4443551,0.0,0.0,0.01725388,0.017071212,0.042869626,97.7594,SELL
2449,66.70261539,56.06968367,61.10907865,62.85709559,0.0,8.332328179,0.013024998,0.008101239,0.033846558,96.7231,SELL
2450,54.77955162,50.83256805,48.5840414,46.15396035,50.0,38.46170976,0.0,-0.00468805,0.020647108,95.3413,FLAT
2451,53.0290825,48.88853137,55.76822851,41.86049643,0.0,44.44426575,0.007246597,0.003610323,0.029058108,96.0322,FLAT
2452,41.26022995,46.84915544,42.05995307,35.00003619,63.63755987,66.66720275,-0.009400037,-0.009579103,0.015880585,94.6504,FLAT
2453,45.16478635,49.60190978,42.05995307,38.09533656,63.63755987,66.66720275,-0.010115914,-0.009758105,0.017326453,94.6504,FLAT
2454,50.99248247,51.78735864,52.46661685,46.34154952,24.99939691,44.44426575,0.007976932,0.004154079,0.033393384,96.0322,FLAT
2455,48.7449107,52.17886481,47.24551562,46.34154952,38.46170976,55.55573425,0.00583087,-0.002169211,0.027932892,95.3413,FLAT
2456,50.86313882,53.87021534,60.54595333,55.26327818,27.77786713,27.77786713,0.021818214,0.016458675,0.04785577,97.0685,FLAT
2457,40.34303726,55.35131274,45.9347305,44.1179726,61.11066437,61.11066437,-0.002900321,-0.004344286,0.026822185,94.9959,FLAT
2458,41.05903956,62.74344842,23.17191644,44.11749681,94.44506988,94.44506988,-0.032374356,-0.026596966,0.005481862,92.9232,BUY
2459,58.54613824,73.4238289,26.10253274,50.0,83.33360138,83.33360138,-0.03558724,-0.021484074,0.013905252,93.6141,FLAT
2460,79.17347268,80.75164669,43.84756202,66.66630928,77.77742039,41.17667092,-0.0141345,0.006130313,0.044747897,96.3776,FLAT
2461,91.9008956,81.52895627,74.0551798,81.81877994,9.089952103,5.881651767,0.007067557,0.028324429,0.068683599,98.4503,SELL
2462,90.80871744,76.42038914,81.54448432,71.99976841,0.0,0.0,0.016347028,0.032677405,0.074312864,98.7957,SELL
2463,86.28166782,69.33360057,77.98108189,64.00027791,0.0,0.0,0.014285738,0.025640811,0.068673297,98.1048,SELL
2464,79.52487735,60.98604506,71.34126712,65.38474386,0.0,0.0,0.011519222,0.015173401,0.05917821,97.0685,SELL
2465,69.44011544,51.85497842,65.84852612,62.5,9.092344535,9.092344535,0.011602545,0.00977176,0.052829878,96.3776,SELL
2466,58.86655095,43.19364227,59.66385664,51.99981472,27.27440196,27.27440196,0.010948499,0.003622722,0.04633539,95.6867,FLAT
2467,52.04045313,35.47414993,69.77218536,51.99981472,0.0,0.0,0.022727007,0.011602333,0.054886571,96.3776,SELL
2468,28.41858677,27.31462746,49.06069609,31.81788276,49.9981907,73.33256137,0.003676475,-0.007813815,0.033373378,94.305,FLAT
2469,17.78804432,26.77088632,37.67188927,34.78206145,74.99909535,86.66628069,-0.006598335,-0.013469332,0.026709472,93.6141,BUY
2470,19.9819656,31.19527118,31.55138797,37.5,87.49773838,93.33217539,-0.01171275,-0.015675951,0.023567625,93.2687,BUY
2471,26.53967683,36.71824258,34.24133486,32.14263559,85.71546733,92.85788135,-0.010226542,-0.012030725,0.028202725,93.6141,BUY
2472,36.09369802,41.73156601,47.09035634,32.14263559,28.56906534,68.74977384,0.00072814,0.003649957,0.04410587,94.9959,FLAT
2473,36.2803545,44.50842637,55.40549139,41.37934477,50.00103389,58.82433077,0.005809277,0.013352376,0.052697704,95.6867,FLAT
2474,32.60183234,48.56105878,37.84341335,52.77784479,78.57157627,82.35304135,-0.011585739,0.001834971,0.03881286,94.305,FLAT
2475,39.96766565,56.42157329,37.84341335,50.0,84.61487073,82.35304135,-0.015151452,0.003861148,0.040000072,94.305,FLAT
2476,53.49629311,64.52573676,46.66476957,54.28559613,79.99942103,64.70608269,-0.006479574,0.017323935,0.052832209,95.3413,FLAT
2477,62.46164238,69.9581493,53.29016502,64.99996381,66.66586254,47.36793991,-0.00286932,0.027726578,0.062082222,96.0322,FLAT
2478,70.04795739,73.65045868,64.23334406,71.79471954,46.15316098,24.99969845,0.002854983,0.042284807,0.075323552,97.0685,FLAT
2479,70.8491107,75.42482498,57.20255111,70.27007996,64.28527119,33.33297594,-0.008559048,0.034803816,0.066087255,96.0322,FLAT
2480,74.96113647,77.678535,52.18992802,57.14266022,64.70608269,40.74066132,-0.010752704,0.031004825,0.060314863,95.3413,FLAT
2481,82.69485776,79.01695518,68.15458876,69.04732366,35.29391731,22.22198396,0.009339052,0.052237397,0.081739897,97.0685,SELL
2482,85.11658577,77.20545092,84.74606759,78.04874605,10.52519312,7.406613201,0.029624653,0.071026404,0.099820253,98.4503,SELL
2483,81.43398229,73.30892182,82.13678002,77.49971051,0.0,0.0,0.032966658,0.064753226,0.090908521,97.4139,SELL
2484,72.2895258,69.30702636,64.15006774,64.51637002,31.25022616,26.31603005,0.00593909,0.027488081,0.051066385,93.6141,FLAT
2485,73.12742552,67.8380341,75.15817666,70.96792268,18.74977384,15.7893133,0.019417633,0.037825638,0.060812154,94.305,SELL
2486,67.66850583,65.23281146,75.15817666,70.96792268,18.74977384,15.7893133,0.021706704,0.04079312,0.062808242,94.305,SELL
2487,59.52086451,64.0331411,59.64782844,62.5,50.0,40.0,0.001505852,0.017986869,0.037441276,91.8869,FLAT
2488,59.2848724,66.25560569,52.93028342,54.16691796,61.53829024,53.33397665,-0.003021458,0.012657891,0.031182405,91.196,FLAT
2489,65.50012641,69.68895194,49.57286809,57.69273594,60.0,60.0,-0.003787884,0.011344066,0.028683162,90.8506,FLAT
2490,78.05989016,71.75210481,82.55121304,65.21793855,13.3320467,12.49864303,0.023503039,0.039861698,0.058063085,93.2687,SELL
2491,73.82009787,68.64528516,71.8504548,57.89553876,11.11003892,9.998842057,0.012223443,0.022574121,0.040780498,91.5415,SELL
2492,65.85032202,66.09649681,60.10604614,55.55519815,0.0,25.00090465,0.004600701,0.013539055,0.03169847,90.5051,SELL
2493,61.34420978,66.21774708,48.69131901,50.0,39.99768398,49.9981907,-0.001535922,0.007947546,0.026383533,89.8143,FLAT
2494,66.93076524,68.61814605,63.14538597,64.70548167,0.0,22.22329441,0.004600701,0.016685452,0.035981917,90.5051,SELL
2495,62.9568116,69.44924406,51.66729676,56.25033925,42.85596129,44.44337225,-0.000768329,0.011870232,0.02990712,89.8143,FLAT
2496,66.60167828,72.6470093,51.66729676,66.66712618,49.9981907,44.44337225,-0.003067134,0.01265847,0.031746246,89.8143,FLAT
2497,72.04177779,75.6245604,51.66729676,63.63708139,49.9981907,30.76803171,-0.004593656,0.01265847,0.033386552,89.8143,FLAT
2498,80.16132931,77.38921452,61.46906143,73.91315293,25.00090465,14.28630508,0.003062438,0.020844872,0.043616122,90.5051,SELL
2499,77.96779398,76.02384455,50.11058439,58.33303178,55.55662775,33.33333333,-0.006902161,0.01073127,0.034688911,89.4688,FLAT
2500,84.706947,75.06637692,73.09611153,55.99995368,11.11003892,6.665894704,0.009984607,0.026742133,0.053404532,90.8506,SELL
2501,80.45774963,70.31803643,70.37824148,65.62480211,12.50226162,7.144038708,0.010022429,0.024036806,0.052419454,90.5051,SELL
2502,74.35116777,65.32384932,64.66922867,64.51637002,18.17990421,15.38290244,0.009316826,0.017214521,0.047331517,89.8143,SELL
2503,69.29481429,60.87755815,64.66922867,57.14285714,16.66505838,14.2842373,0.014040761,0.01761266,0.049939632,89.8143,SELL
2504,61.74801806,56.73174542,56.64728464,62.5,19.99768411,27.77625887,0.009427065,0.006462056,0.040416059,88.778,FLAT
2505,60.49730776,54.26104397,60.29780552,52.08339616,18.18205742,22.22132874,0.014948972,0.009192165,0.047007086,89.1234,FLAT
2506,51.98559141,51.18945136,46.50728476,42.55313907,69.22974147,49.99919587,-0.006284331,-0.011332668,0.029431659,87.3962,FLAT
2507,52.96317321,50.79732268,49.24373017,45.83323282,61.53829024,44.44426575,-0.00157283,-0.009167686,0.035395915,87.7416,FLAT
2508,51.68624016,49.73056047,40.89672905,46.93885991,78.57157627,61.11066437,-0.011032642,-0.022205241,0.025117125,86.7053,FLAT
2509,57.98919314,48.76731526,49.59731781,47.91662897,38.88772737,38.88772737,0.001571139,-0.008167881,0.04330057,88.0871,FLAT
2510,56.45095995,44.2251963,62.99985597,53.4882625,11.10986024,11.10986024,0.027668016,0.010101203,0.065792392,89.8143,SELL
2511,40.47345348,38.20355152,43.43452999,42.85726101,49.99909537,55.55412599,-0.000792701,-0.020407796,0.035758751,87.0508,FLAT
2512,38.51688814,37.08554011,40.27579937,40.0,61.11066437,61.11066437,-0.011032642,-0.025810511,0.033559526,86.7053,FLAT
2513,38.33344386,36.3805478,49.03721075,46.87491519,38.88772737,38.88772737,-0.000783609,-0.012010707,0.051763454,88.0871,FLAT
2514,27.11402073,35.41867362,21.83093571,23.33352632,93.74886919,94.99913154,-0.031372138,-0.043376912,0.020942823,85.3236,BUY
2515,37.38977248,39.50902504,42.0193757,33.33333333,60.00057899,71.42945762,-0.003891281,-0.010054442,0.059968005,88.4325,FLAT
2516,41.73357238,40.552836,62.60526912,44.44515922,19.99826303,42.85684746,0.010886573,0.006192081,0.079435615,89.8143,FLAT
2517,34.14377917,39.97127928,53.49112348,41.17667092,25.00090465,57.14315254,0.005455788,-1.12e-07,0.074403113,89.1234,FLAT
2518,29.85226792,42.84154052,23.76032522,33.33333333,75.00271395,85.7157627,-0.010133146,-0.014358382,0.060099673,87.7416,BUY
2519,37.52010389,49.23924196,38.54495573,35.71472881,64.28527119,64.28527119,-0.000777516,-0.001553711,0.074340347,88.778,FLAT
2520,38.40931848,55.01135474,38.54495573,50.0,74.99819072,74.99819072,-0.005417783,-0.000194211,0.076816152,88.778,FLAT
2521,45.01301705,63.18847707,38.54495573,42.85714286,74.99819072,74.99819072,-0.010015152,0.002340447,0.079908085,88.778,FLAT
2522,54.86928356,72.14056932,43.12361286,44.99978288,66.66586254,66.66586254,-0.009976946,0.008994848,0.08677343,89.1234,FLAT
2523,65.47614657,80.647322,37.15108258,50.0,81.81746408,74.99819072,-0.016079123,0.007250998,0.085075476,88.778,FLAT
2524,88.7700145,88.11969199,74.91521932,72.22213287,12.49864303,9.998842057,0.005351956,0.033804972,0.113180325,90.8506,SELL
2525,88.16363042,87.79938389,74.91521932,76.1903449,12.49864303,7.691451221,0.006891593,0.038089521,0.116592985,90.8506,SELL
2526,87.25857955,87.61997889,71.86392475,74.99963814,12.50226162,7.693678046,0.007691874,0.038034122,0.115004715,90.5051,SELL
2527,85.08812527,87.79798155,68.83177871,73.68396995,25.00090465,14.28600968,0.005392741,0.037566751,0.114017666,90.1597,SELL
2528,85.32122078,89.13268688,62.33663862,76.1903449,44.44515922,21.05311272,-0.001542513,0.033312802,0.109121526,89.4688,FLAT
2529,92.16415996,91.00997615,74.80802312,76.1903449,12.49864303,5.554930121,0.007721569,0.044626413,0.121296211,90.1597,SELL
2530,91.04072671,90.44149756,62.94856388,78.26108846,33.33226118,17.64665815,-0.003103049,0.034205564,0.107848973,88.778,SELL
2531,95.86274646,90.14635484,87.72888858,90.47599355,0.0,0.0,0.012460982,0.050717474,0.124809326,89.8143,SELL
2532,93.82499472,87.33081867,87.72888858,75.99958315,0.0,0.0,0.01880866,0.058201227,0.129505836,89.8143,SELL
2533,90.7835742,84.13219464,83.59603557,77.77742039,0.0,0.0,0.013406999,0.053710976,0.121390239,88.778,SELL
2534,86.2441406,80.85614203,80.00411856,75.99958315,0.0,0.0,0.01270842,0.050247327,0.116947237,88.0871,SELL
2535,79.46886657,78.20235168,72.87785675,66.66706873,24.99939691,21.42798065,0.004784833,0.042184063,0.108067331,87.0508,SELL
2536,79.91059729,77.57854584,72.87785675,63.99995368,23.07658049,21.42798065,0.011236294,0.046294846,0.112272969,87.0508,SELL
2537,80.56989687,76.42992348,72.87785675,66.66666667,0.0,0.0,0.018593818,0.049781812,0.116192999,87.0508,SELL
2538,70.99984608,74.39083211,64.15710428,60.86945577,40.00115794,33.33413746,0.006493468,0.038525981,0.102202858,85.669,FLAT
2539,74.62687161,76.06101927,73.62654594,76.66669883,18.18205742,9.524006451,0.019575976,0.053519036,0.114543888,86.3599,SELL
2540,70.33881237,76.7673905,59.15939423,65.38440127,72.72822969,38.09602581,0.001641373,0.034774755,0.091660524,84.2872,FLAT
2541,74.4932849,79.93370511,55.93710176,74.99979897,81.81794258,36.00046318,-0.002463247,0.035805603,0.090654074,83.9418,FLAT
2542,83.03911497,82.61331506,74.83365413,84.84859118,45.45382773,17.24131047,0.012295334,0.058042898,0.112312246,85.3236,SELL
2543,84.53599249,82.40359272,61.99538927,58.97433994,66.66505838,17.39059294,-0.004933884,0.041981121,0.094096719,83.5964,FLAT
2544,85.4849077,81.35330627,61.99538927,58.97433994,26.66550872,17.39059294,-0.005751429,0.046260799,0.098416583,83.5964,SELL
2545,86.90119906,79.3183384,71.30658563,64.10216443,13.33371931,8.695925791,0.009098108,0.059717285,0.112192708,84.2872,SELL
2546,84.73261877,75.58349658,75.8656641,60.97562698,5.26259656,4.347333577,0.019983715,0.069869287,0.122061097,84.6327,SELL
2547,79.35408783,71.07721252,73.11586743,66.66646564,13.04325937,13.04325937,0.028789305,0.065555858,0.11851824,83.9418,SELL
2548,75.60949765,67.00054259,73.11586743,71.92969091,0.0,0.0,0.045611292,0.069542333,0.124035672,83.9418,SELL
2549,63.59626515,62.760311,59.98589383,63.99974525,42.10622543,32.00092635,0.01386449,0.034025131,0.087072017,80.8328,FLAT
2550,62.79833909,62.34857238,65.68948142,66.66646564,23.53001277,17.39185158,0.021644804,0.044478585,0.099880847,81.5237,SELL
2551,53.04126883,62.1270455,41.01225871,56.75669332,88.23499361,62.49969845,-0.023437333,-0.000887934,0.052154623,77.7239,FLAT
2552,62.0344211,66.60212953,37.75580307,51.28189902,100.0,66.66706873,-0.03697385,-0.005329209,0.050390178,77.3784,FLAT
2553,76.17097579,68.85189636,73.41671599,71.42871913,23.8096551,20.83323282,0.007718806,0.042822452,0.104591879,81.1783,SELL
2554,74.69543674,65.24697665,73.41671599,73.33352632,21.73918516,20.83323282,0.022628556,0.045373885,0.108180731,81.1783,SELL
2555,72.49313966,60.5932575,70.1342081,73.333269,20.00057897,19.0480129,0.027336798,0.03948243,0.102414371,80.4874,SELL
2556,68.32684167,54.7321215,82.33348003,64.70608269,4.762692472,4.762692472,0.052631239,0.056637243,0.120219556,81.5237,SELL
2557,55.07243312,48.03621455,69.67327349,52.00037055,0.0,8.332328179,0.027149619,0.020913382,0.0811213,78.4148,SELL
2558,32.94393003,44.57061437,28.92469341,29.41096334,74.99909535,83.33293127,-0.009991089,-0.019343362,0.041315205,75.3058,BUY
2559,40.96089156,50.29719023,38.00257265,29.41096334,49.9981907,66.66586254,-0.005424858,-0.013231517,0.053119458,75.9967,FLAT
2560,44.71735254,54.8956657,38.00257265,47.82630585,49.9981907,66.66586254,-0.006323197,-0.014115879,0.055743745,75.9967,FLAT
2561,50.32401072,59.90886471,38.00257265,40.74066132,66.66666667,72.72751197,-0.005424858,-0.013231453,0.058054196,75.9967,FLAT
2562,61.67774578,64.62976295,50.07068833,42.30743537,45.45502395,31.25022616,0.002697794,-0.000224204,0.074834177,77.033,FLAT
2563,65.19090101,66.08374156,50.07068833,48.2760686,50.0,31.25022616,0.0,-0.000672246,0.077289794,77.033,FLAT
2564,63.43802335,66.52349884,42.2449338,48.27555227,70.00057897,43.75067849,-0.010743389,-0.009324795,0.070155671,76.3421,FLAT
2565,66.97872724,68.04321065,33.96619701,53.12508481,89.99826308,56.24932151,-0.024932681,-0.017997531,0.062651488,75.6513,FLAT
2566,78.41940797,68.56750845,56.74190238,69.23042665,25.00090465,12.50045232,0.004444194,0.011052652,0.098868251,78.0693,SELL
2567,73.94710036,63.71508032,56.74190238,50.0,12.50045232,12.50045232,0.005337725,0.012266598,0.101928112,78.0693,SELL
2568,67.27201437,58.67542866,53.91694302,42.5002533,18.74977384,31.57862661,0.0,0.010309134,0.100029853,77.7239,FLAT
2569,60.38722349,54.44128942,60.20894177,53.33354776,6.249321513,28.57103471,0.009786903,0.021837791,0.11322778,78.4148,SELL
2570,51.24530409,51.51269503,44.72887087,55.31910962,43.75067849,57.14344793,-0.012511551,-0.002228717,0.087107156,76.3421,FLAT
2571,55.37707748,51.64439505,56.43912964,53.06114009,18.74977384,38.09517245,0.008968622,0.019017048,0.109885266,77.7239,FLAT
2572,52.161917,49.80590967,63.04090916,52.00004632,7.691451221,31.57862661,0.026221018,0.033379638,0.123089667,78.4148,FLAT
2573,44.15352803,48.64548815,57.00567634,52.3788736,43.75067849,47.36946353,0.013574158,0.026158363,0.111212461,77.3784,FLAT
2574,39.97828507,50.85794612,52.90492792,52.31011712,61.11066437,57.89465665,-0.001798095,0.021616681,0.103620797,76.6876,FLAT
2575,38.9306295,56.21658514,41.80191052,38.80119038,84.2106867,84.2106867,-0.026031685,0.003146928,0.080611647,74.9604,FLAT
2576,50.32859121,64.73056329,39.52014122,46.29680986,89.47480688,89.47480688,-0.029649599,0.002368126,0.077028278,74.6149,FLAT
2577,69.93324997,71.82407192,57.57605481,59.53761522,36.84274679,36.84274679,0.009830119,0.05163901,0.128262662,78.0693,FLAT
2578,73.27068121,72.75537229,70.45109953,65.7291467,10.52671674,9.50919401,0.033094658,0.07988356,0.155592597,79.7965,SELL
2579,65.29029513,72.50156342,60.57758762,60.66542422,28.57261016,27.5565237,0.010280845,0.053268402,0.123621002,77.3784,FLAT
2580,63.27502908,76.05338213,43.23659418,59.59464718,100.0,51.16455048,-0.021984953,0.020852215,0.086159343,74.6149,FLAT
2581,79.20731304,82.34719781,58.74022161,71.88337456,58.36087549,26.16141732,-0.006788346,0.052850305,0.118153909,76.6876,FLAT
2582,82.80616168,83.89370821,68.57558488,78.50685162,31.95124045,13.9788177,0.007860973,0.073062916,0.135505916,77.7239,SELL
2583,81.93483565,84.42936546,62.95497701,68.75003912,44.44407351,25.0,0.001742283,0.064568313,0.120675651,76.5501,FLAT
2584,85.35050097,85.65801447,59.68325837,68.74984351,50.00075115,31.25046947,-5.27e-07,0.063432122,0.11355243,75.8844,FLAT
2585,93.52709834,85.80947635,92.28155166,87.50018779,0.0,0.0,0.049382487,0.119157059,0.164573303,79.2127,SELL
2586,90.33895275,82.00825955,87.27910716,74.28598408,0.0,0.0,0.030603323,0.089490709,0.123467265,76.2173,SELL
2587,85.58052649,77.9050823,80.55881304,64.51597271,5.555184616,5.555184616,0.021061966,0.071908957,0.096002403,74.2203,SELL
2588,81.21453345,74.12463963,79.08579784,63.33326657,11.11036923,11.11036923,0.031598503,0.076729128,0.092519852,73.8875,SELL
2589,77.43426164,70.63260238,79.08579784,67.64698085,0.0,0.0,0.041275887,0.083984421,0.094045355,73.8875,SELL
2590,66.3197935,67.2825314,68.33730295,60.71443901,9.999399075,9.999399075,0.019923934,0.055473587,0.061204311,71.5577,SELL
2591,54.65611223,67.75671573,55.17304609,57.69226325,50.0,49.99849773,0.002865675,0.034737957,0.037857525,69.8936,FLAT
2592,59.68555694,74.20925179,43.9960295,59.2590944,87.50093893,53.33306626,-0.01334584,0.023334047,0.023924709,68.8951,FLAT
2593,79.2315826,81.36271343,65.90533246,77.77753049,37.50093893,16.48397002,0.003787577,0.049608471,0.049314161,70.5592,SELL
2594,78.85330568,82.41237488,59.44272595,79.16644932,62.49906107,25.50970353,-0.007561117,0.042546194,0.040548819,69.8936,FLAT
2595,81.96884477,84.16534926,52.19208721,80.89141501,87.50093893,28.00004807,-0.017013579,0.035186106,0.031489982,69.2279,FLAT
2596,90.67855421,85.24720969,73.10010581,93.33293273,30.00030045,10.71455398,0.000943928,0.057356232,0.051934853,70.5592,SELL
2597,91.99793682,82.57206985,87.04994976,0.0,6.666132521,3.424396769,0.016144486,0.070267901,0.062650384,71.2249,SELL
2598,89.81555182,77.92947865,87.04994976,76.63047028,5.494106382,3.310981555,0.027857911,0.07478313,0.063706779,71.2249,SELL
2599,86.48597426,72.07514411,82.86471243,63.02100857,12.04727687,7.352340134,0.025390946,0.058841771,0.045036553,69.8936,SELL
2600,83.45111418,64.97727255,81.68032366,62.0320383,0.0,0.0,0.037529059,0.057531105,0.040922435,69.5607,SELL
2601,75.30017042,55.87821622,78.0382312,62.43402645,0.0,0.0,0.043778143,0.044731236,0.026578625,68.5623,SELL
2602,63.13458272,46.31217907,72.12699508,51.30919702,0.0,0.0,0.044684093,0.026006348,0.006728796,67.231,SELL
2603,44.97698913,38.02651758,61.86103834,43.97585455,7.575171284,29.07051898,0.036187252,0.000609139,-0.018028084,65.5668,FLAT
2604,32.1944185,34.60315099,50.85709152,38.81575046,26.31578947,51.16250633,0.01898741,-0.019687179,-0.037288987,64.3021,FLAT
2605,23.99708297,35.78954162,31.8009115,29.54532521,77.90626583,79.12009905,-0.012358441,-0.045401343,-0.06053834,62.7711,BUY
2606,24.93455327,41.59776752,17.29931631,20.47175168,93.02321519,93.40652084,-0.037466921,-0.061507088,-0.074059172,61.9057,BUY
2607,33.96821664,49.80502231,16.20395993,30.34459893,94.18484811,94.50433347,-0.048934959,-0.06557987,-0.075529407,61.8392,BUY
2608,47.99200997,57.60524002,29.79042842,40.74058618,84.44333166,85.99885828,-0.020160896,-0.025807669,-0.033156123,64.7015,FLAT
2609,64.7337809,62.34011453,52.89275868,60.86970721,22.223335,30.00030045,0.001402092,0.002255045,-0.005272091,66.5653,FLAT
2610,62.14011948,61.16114452,52.89275868,50.0,30.00030045,30.00030045,0.001402092,0.003009013,-0.004413798,66.5653,FLAT
2611,58.26898303,60.67896283,32.57514719,41.05256499,63.99963946,63.99963946,-0.015029769,-0.012556335,-0.020607319,65.4337,FLAT
2612,69.23711052,61.86596781,58.85523872,46.98727579,34.48508081,22.223335,0.002593629,0.009694703,0.001743892,66.8981,FLAT
2613,65.03106129,58.23540498,58.85523872,50.0,28.57326809,22.223335,0.006408704,0.009441108,0.002526644,66.8981,FLAT
2614,58.75337589,54.88829067,53.3855213,41.93548387,42.85775603,33.33333333,0.004016046,0.003159868,-0.001830033,66.5653,FLAT
2615,54.8557849,52.98459199,50.20795172,46.0002704,32.50084501,45.99945918,0.005040224,-0.00210201,-0.00446025,66.3656,FLAT
2616,52.32206702,52.06295966,58.75118816,54.90146985,0.0,30.00030045,0.012491994,0.003494329,0.00414601,66.8981,SELL
2617,43.61517339,51.93533961,39.044026,42.04578433,54.2836295,67.998678,-0.005647352,-0.017438772,-0.014131304,65.6334,FLAT
2618,49.33542856,56.03333193,44.40375559,59.09072286,51.10999833,55.99855782,-0.004415786,-0.014357043,-0.007453826,66.0328,FLAT
2619,51.96261588,59.33229926,28.75579179,47.74794283,77.776665,71.42742173,-0.019019007,-0.028115145,-0.01852777,65.234,FLAT
2620,67.70480489,62.96214332,46.02892181,64.1510771,80.00120185,30.76940856,-0.005964336,-0.00975395,0.002137829,66.5653,FLAT
2621,69.38855146,60.62620553,46.02892181,58.62051103,80.00120185,30.76940856,-0.006951384,-0.010733563,0.003176649,66.5653,FLAT
2622,69.46635266,56.31042321,56.9829308,50.0,34.47990054,15.38354866,0.003976722,-0.002320687,0.014141709,67.231,FLAT
2623,62.00436376,49.83063706,52.45646797,41.72155123,34.88453342,37.50093893,0.000995637,-0.008729503,0.010015949,66.8981,FLAT
2624,54.65669112,43.83462241,63.0739907,40.3848191,8.927757062,25.0,0.017646038,0.001134585,0.020904473,67.5638,FLAT
2625,44.63685242,38.50434976,55.9394885,36.301243,23.07763422,47.3694198,0.013717549,-0.009218088,0.012169069,66.8981,FLAT
2626,35.83904817,35.48386338,47.88542072,31.61784199,38.46118289,57.8949033,0.010768405,-0.020283203,0.003479725,66.2325,FLAT
2627,32.75278546,35.30892161,51.66292277,32.82454128,30.76940856,52.63216155,0.018952601,-0.017295608,0.009896915,66.5653,FLAT
2628,25.55432652,36.56791405,25.24039369,25.42331882,78.75009389,82.10541297,-0.011592061,-0.046450772,-0.016807641,64.7015,BUY
2629,29.32703403,41.99251686,31.67027982,39.99951927,62.50093893,68.42196815,-0.010050658,-0.036203801,-0.003322648,65.5668,BUY
2630,28.21833362,48.23073974,10.66046672,31.8173748,91.95503523,91.95503523,-0.036743454,-0.052272225,-0.018003988,64.5683,BUY
2631,38.15447051,58.08759649,12.75169209,34.99939907,100.0,100.0,-0.04109585,-0.043762446,-0.007326887,65.234,BUY
2632,56.94697091,67.90540481,24.09506539,50.0,88.88666333,79.99879819,-0.024153829,-0.015305957,0.023580105,67.231,FLAT
2633,75.14414076,73.3028424,45.84464579,70.00090142,50.0,39.99939909,-0.011515402,0.004829645,0.044554668,68.5623,FLAT
